,소속회사명1,소속회사명2,동일인과의 관계1,동일인과의 관계2,동일인과의 관계3,성명,보통주 주식수,보통주 지분율,우선주 주식수,우선주 지분율,합계 주식수,합계 지분율
0,비금융회사,넷마블,동일인측,동일인,동일인,방준혁,20729472,24.16,-,-,20729472.0,24.16
1,비금융회사,넷마블,동일인측,친족,배우자/ 혈족1촌,-,-,-,-,-,,-
2,비금융회사,넷마블,동일인측,친족,혈족2~4촌,-,-,-,-,-,,-
3,비금융회사,넷마블,동일인측,친족,혈족5~6촌,-,-,-,-,-,,-
4,비금융회사,넷마블,동일인측,친족,인척 4촌 이내,-,-,-,-,-,,-
5,비금융회사,넷마블,동일인측,친족,친족 합계,/,-,-,-,-,,-
6,비금융회사,넷마블,동일인측,비영리법인,비영리법인,-,-,-,-,-,,-
7,비금융회사,넷마블,동일인측,등기된 임원,등기된 임원,권영식,1000,0.00,-,-,1000.0,0.00
8,비금융회사,넷마블,동일인측,등기된 임원,등기된 임원,이승원,2500,0.00,-,-,2500.0,0.00
9,비금융회사,넷마블,동일인측,등기된 임원,등기된 임원,백영훈,7000,0.01,,,7000.0,0.01
10,비금융회사,넷마블,동일인측,등기된 임원,등기된 임원,이장우,5604,0.01,-,-,5604.0,0.01
11,비금융회사,넷마블,동일인측,등기된 임원,등기된 임원,이우영,3835,0.00,-,-,3835.0,0.00
12,비금융회사,넷마블,동일인측,등기된 임원,등기된 임원,임현숙,2579,0.00,,,2579.0,0.00
13,비금융회사,넷마블,동일인측,등기된 임원,등기된 임원,김아현,2093,0.00,-,-,2093.0,0.00
14,비금융회사,넷마블,동일인측,등기된 임원,등기된 임원,전현정,3658,0.00,,,3658.0,0.00
15,비금융회사,넷마블,동일인측,등기된 임원,등기된 임원,김건우,4418,0.01,,,4418.0,0.01
16,비금융회사,넷마블,동일인측,등기된 임원,등기된 임원,배경태,2848,0.00,,,2848.0,0.00
17,비금융회사,넷마블,동일인측,등기된 임원,등기된 임원,신종섭,100,0.00,-,-,100.0,0.00
18,비금융회사,넷마블,동일인측,등기된 임원,등기된 임원,유주영,490,0.00,-,-,490.0,0.00
19,비금융회사,넷마블,동일인측,자기주식,자기주식,넷마블,4018931,4.68,-,-,4018931.0,4.68
20,비금융회사,넷마블,동일인측,계열회사(국내+해외),계열회사(국내+해외),-,-,-,-,-,,-
21,비금융회사,넷마블,동일인측,기타 동일인관련자,기타 동일인관련자,-,-,-,-,-,,-
22,비금융회사,넷마블,동일인측,동일인측 합계,동일인측 합계,/,24784528,28.89,-,-,24784528.0,28.89
23,비금융회사,넷마블,기타주주,동일인측이 아닌최다주주,동일인측이 아닌최다주주,-,-,-,-,-,,-
24,비금융회사,넷마블,기타주주,기타,기타,/,61007501,71.11,-,-,61007501.0,71.11
25,비금융회사,넷마블,총계,총계,총계,/,85792029,100.00,-,-,85792029.0,100.00
26,비금융회사,마켓프레스,동일인측,동일인,동일인,-,-,-,-,-,,-
27,비금융회사,마켓프레스,동일인측,친족,배우자/혈족1촌,-,-,-,-,-,,-
28,비금융회사,마켓프레스,동일인측,친족,혈족2~4촌,-,-,-,-,-,,-
29,비금융회사,마켓프레스,동일인측,친족,혈족5~6촌,-,-,-,-,-,,-
30,비금융회사,마켓프레스,동일인측,친족,인척 4촌 이내,-,-,-,-,-,,-
31,비금융회사,마켓프레스,동일인측,친족,친족 합계,/,-,-,-,-,,-
32,비금융회사,마켓프레스,동일인측,비영리법인,비영리법인,-,-,-,-,-,,-
33,비금융회사,마켓프레스,동일인측,등기된 임원,등기된 임원,박혜윤,702220,39.50,-,-,702220.0,39.50
34,비금융회사,마켓프레스,동일인측,자기주식,자기주식,-,-,-,-,-,,-
35,비금융회사,마켓프레스,동일인측,계열회사(국내+해외),계열회사(국내+해외),넷마블,977780,55.00,-,-,977780.0,55.00
36,비금융회사,마켓프레스,동일인측,기타 동일인관련자,기타 동일인관련자,-,-,-,-,-,,-
37,비금융회사,마켓프레스,동일인측,동일인측 합계,동일인측 합계,/,1680000,94.50,-,-,1680000.0,94.50
38,비금융회사,마켓프레스,기타주주,동일인측이 아닌최다주주,동일인측이 아닌최다주주,-,-,-,-,-,,-
39,비금융회사,마켓프레스,기타주주,기타,기타,/,97780,5.50,-,-,97780.0,5.50
40,비금융회사,마켓프레스,총계,총계,총계,/,1777780,100.00,-,-,1777780.0,100.00
41,비금융회사,미디어웹,동일인측,동일인,동일인,-,-,-,-,-,,-
42,비금융회사,미디어웹,동일인측,친족,배우자/혈족1촌,-,-,-,-,-,,-
43,비금융회사,미디어웹,동일인측,친족,혈족2~4촌,-,-,-,-,-,,-
44,비금융회사,미디어웹,동일인측,친족,혈족5~6촌,-,-,-,-,-,,-
45,비금융회사,미디어웹,동일인측,친족,인척 4촌 이내,-,-,-,-,-,,-
46,비금융회사,미디어웹,동일인측,친족,친족 합계,/,-,-,-,-,,-
47,비금융회사,미디어웹,동일인측,비영리법인,비영리법인,-,-,-,-,-,,-
48,비금융회사,미디어웹,동일인측,등기된 임원,등기된 임원,-,-,-,-,-,,-
49,비금융회사,미디어웹,동일인측,자기주식,자기주식,미디어웹,20,0.01,-,-,20.0,0.01
50,비금융회사,미디어웹,동일인측,계열회사(국내+해외),계열회사(국내+해외),넷마블,268588,68.84,-,-,268588.0,68.84
51,비금융회사,미디어웹,동일인측,기타 동일인관련자,기타 동일인관련자,-,-,-,-,-,,-
52,비금융회사,미디어웹,동일인측,동일인측 합계,동일인측 합계,/,268608,68.85,-,-,268608.0,68.85
53,비금융회사,미디어웹,기타주주,동일인측이 아닌최다주주,동일인측이 아닌최다주주,-,-,-,-,-,,-
54,비금융회사,미디어웹,기타주주,기타,기타,/,121549,31.15,-,-,121549.0,31.15
55,비금융회사,미디어웹,총계,총계,총계,/,390157,100.00,-,-,390157.0,100.00
56,비금융회사,에브리플레이,동일인측,동일인,동일인,-,-,-,-,-,,-
57,비금융회사,에브리플레이,동일인측,친족,배우자/혈족1촌,-,-,-,-,-,,-
58,비금융회사,에브리플레이,동일인측,친족,혈족2~4촌,-,-,-,-,-,,-
59,비금융회사,에브리플레이,동일인측,친족,혈족5~6촌,-,-,-,-,-,,-
60,비금융회사,에브리플레이,동일인측,친족,인척 4촌 이내,-,-,-,-,-,,-
61,비금융회사,에브리플레이,동일인측,친족,친족 합계,/,-,-,-,-,,-
62,비금융회사,에브리플레이,동일인측,비영리법인,비영리법인,-,-,-,-,-,,-
63,비금융회사,에브리플레이,동일인측,등기된 임원,등기된 임원,-,-,-,-,-,,-
64,비금융회사,에브리플레이,동일인측,자기주식,자기주식,-,-,-,-,-,,-
65,비금융회사,에브리플레이,동일인측,계열회사(국내+해외),계열회사(국내+해외),넷마블,19800000,83.61,,,19800000.0,83.61
66,비금융회사,에브리플레이,동일인측,계열회사(국내+해외),계열회사(국내+해외),미디어웹,3263000,13.78,-,-,3263000.0,13.78
67,비금융회사,에브리플레이,동일인측,기타 동일인관련자,기타 동일인관련자,-,-,-,-,-,,-
68,비금융회사,에브리플레이,동일인측,동일인측 합계,동일인측 합계,/,23063000,97.39,-,-,23063000.0,97.39
69,비금융회사,에브리플레이,기타주주,동일인측이 아닌최다주주,동일인측이 아닌최다주주,-,-,-,-,-,,-
70,비금융회사,에브리플레이,기타주주,기타,기타,/,617000,2.61,-,-,617000.0,2.61
71,비금융회사,에브리플레이,총계,총계,총계,/,23680000,100.00,-,-,23680000.0,100.00
72,비금융회사,구로발게임즈,동일인측,동일인,동일인,방준혁,2150,0.64,-,-,2150.0,0.64
73,비금융회사,구로발게임즈,동일인측,친족,배우자/혈족1촌,-,-,-,-,-,,-
74,비금융회사,구로발게임즈,동일인측,친족,혈족2~4촌,-,-,-,-,-,,-
75,비금융회사,구로발게임즈,동일인측,친족,혈족5~6촌,-,-,-,-,-,,-
76,비금융회사,구로발게임즈,동일인측,친족,인척 4촌 이내,-,-,-,-,-,,-
77,비금융회사,구로발게임즈,동일인측,친족,친족 합계,/,-,-,-,-,,-
78,비금융회사,구로발게임즈,동일인측,비영리법인,비영리법인,-,-,-,-,-,,-
79,비금융회사,구로발게임즈,동일인측,등기된 임원,등기된 임원,-,-,-,-,-,,-
80,비금융회사,구로발게임즈,동일인측,자기주식,자기주식,-,-,-,-,-,,-
81,비금융회사,구로발게임즈,동일인측,계열회사(국내+해외),계열회사(국내+해외),넷마블,334150,99.36,-,-,334150.0,99.36
82,비금융회사,구로발게임즈,동일인측,기타 동일인관련자,기타 동일인관련자,-,-,-,-,-,,-
83,비금융회사,구로발게임즈,동일인측,동일인측 합계,동일인측 합계,/,336300,100.00,-,-,336300.0,100.00
84,비금융회사,구로발게임즈,기타주주,동일인측이 아닌최다주주,동일인측이 아닌최다주주,-,-,-,-,-,,-
85,비금융회사,구로발게임즈,기타주주,기타,기타,/,-,-,-,-,,-
86,비금융회사,구로발게임즈,총계,총계,총계,/,336300,100.00,-,-,336300.0,100.00
87,비금융회사,넷마블네오,동일인측,동일인,동일인,-,-,-,-,-,,-
88,비금융회사,넷마블네오,동일인측,친족,배우자/혈족1촌,-,-,-,-,-,,-
89,비금융회사,넷마블네오,동일인측,친족,혈족2~4촌,-,-,-,-,-,,-
90,비금융회사,넷마블네오,동일인측,친족,혈족5~6촌,-,-,-,-,-,,-
91,비금융회사,넷마블네오,동일인측,친족,인척 4촌 이내,-,-,-,-,-,,-
92,비금융회사,넷마블네오,동일인측,친족,친족 합계,/,-,-,-,-,,-
93,비금융회사,넷마블네오,동일인측,비영리법인,비영리법인,-,-,-,-,-,,-
94,비금융회사,넷마블네오,동일인측,등기된 임원,등기된 임원,권영식,360000,2.89,-,-,360000.0,2.89
95,비금융회사,넷마블네오,동일인측,등기된 임원,등기된 임원,도기욱,22244,0.18,-,-,22244.0,0.18
96,비금융회사,넷마블네오,동일인측,자기주식,자기주식,-,-,-,-,-,,-
97,비금융회사,넷마블네오,동일인측,계열회사(국내+해외),계열회사(국내+해외),넷마블,10020000,80.43,-,-,10020000.0,80.43
98,비금융회사,넷마블네오,동일인측,기타 동일인관련자,기타 동일인관련자,-,-,-,-,-,,-
99,비금융회사,넷마블네오,동일인측,동일인측 합계,동일인측 합계,/,10402244,83.50,-,-,10402244.0,83.50
100,비금융회사,넷마블네오,기타주주,동일인측이 아닌최다주주,동일인측이 아닌최다주주,-,-,-,-,-,,-
101,비금융회사,넷마블네오,기타주주,기타,기타,/,2055965,16.50,-,-,2055965.0,16.50
102,비금융회사,넷마블네오,총계,총계,총계,/,12458209,100.00,-,-,12458209.0,100.00
103,비금융회사,넷마블넥서스,동일인측,동일인,동일인,-,-,-,-,-,,-
104,비금융회사,넷마블넥서스,동일인측,친족,배우자/혈족1촌,-,-,-,-,-,,-
105,비금융회사,넷마블넥서스,동일인측,친족,혈족2~4촌,-,-,-,-,-,,-
106,비금융회사,넷마블넥서스,동일인측,친족,혈족5~6촌,-,-,-,-,-,,-
107,비금융회사,넷마블넥서스,동일인측,친족,인척 4촌 이내,-,-,-,-,-,,-
108,비금융회사,넷마블넥서스,동일인측,친족,친족 합계,/,-,-,-,-,,-
109,비금융회사,넷마블넥서스,동일인측,비영리법인,비영리법인,-,-,-,-,-,,-
110,비금융회사,넷마블넥서스,동일인측,등기된 임원,등기된 임원,-,-,-,-,-,,-
111,비금융회사,넷마블넥서스,동일인측,자기주식,자기주식,-,-,-,-,-,,-
112,비금융회사,넷마블넥서스,동일인측,계열회사(국내+해외),계열회사(국내+해외),넷마블,4500000,100.00,-,-,4500000.0,100.00
113,비금융회사,넷마블넥서스,동일인측,기타 동일인관련자,기타 동일인관련자,-,-,-,-,-,,-
114,비금융회사,넷마블넥서스,동일인측,동일인측 합계,동일인측 합계,/,4500000,100.00,-,-,4500000.0,100.00
115,비금융회사,넷마블넥서스,기타주주,동일인측이 아닌최다주주,동일인측이 아닌최다주주,-,-,-,-,-,,-
116,비금융회사,넷마블넥서스,기타주주,기타,기타,/,-,-,-,-,,-
117,비금융회사,넷마블넥서스,총계,총계,총계,/,4500000,100.00,-,-,4500000.0,100.00
118,비금융회사,넷마블몬스터,동일인측,동일인,동일인,방준혁,1195590,5.43,-,-,1195590.0,5.43
119,비금융회사,넷마블몬스터,동일인측,친족,배우자/혈족1촌,-,-,-,-,-,,-
120,비금융회사,넷마블몬스터,동일인측,친족,혈족2~4촌,-,-,-,-,-,,-
121,비금융회사,넷마블몬스터,동일인측,친족,혈족5~6촌,-,-,-,-,-,,-
122,비금융회사,넷마블몬스터,동일인측,친족,인척 4촌 이내,-,-,-,-,-,,-
123,비금융회사,넷마블몬스터,동일인측,친족,친족 합계,/,-,-,-,-,,-
124,비금융회사,넷마블몬스터,동일인측,비영리법인,비영리법인,-,-,-,-,-,,-
125,비금융회사,넷마블몬스터,동일인측,등기된 임원,등기된 임원,김건,2941335,13.35,-,-,2941335.0,13.35
126,비금융회사,넷마블몬스터,동일인측,자기주식,자기주식,-,-,-,-,-,,-
127,비금융회사,넷마블몬스터,동일인측,계열회사(국내+해외),계열회사(국내+해외),넷마블,16780170,76.17,-,-,16780170.0,76.17
128,비금융회사,넷마블몬스터,동일인측,기타 동일인관련자,기타 동일인관련자,-,-,-,-,-,,-
129,비금융회사,넷마블몬스터,동일인측,동일인측 합계,동일인측 합계,/,20917095,94.95,-,-,20917095.0,94.95
130,비금융회사,넷마블몬스터,기타주주,동일인측이 아닌최다주주,동일인측이 아닌최다주주,-,-,-,-,-,,-
131,비금융회사,넷마블몬스터,기타주주,기타,기타,/,1111989,5.05,-,-,1111989.0,5.05
132,비금융회사,넷마블몬스터,총계,총계,총계,/,22029084,100.00,-,-,22029084.0,100.00
133,비금융회사,넷마블앤파크,동일인측,동일인,동일인,방준혁,750000,11.34,-,-,750000.0,11.34
134,비금융회사,넷마블앤파크,동일인측,친족,배우자/혈족1촌,-,-,-,-,-,,-
135,비금융회사,넷마블앤파크,동일인측,친족,혈족2~4촌,-,-,-,-,-,,-
136,비금융회사,넷마블앤파크,동일인측,친족,혈족5~6촌,-,-,-,-,-,,-
137,비금융회사,넷마블앤파크,동일인측,친족,인척 4촌 이내,-,-,-,-,-,,-
138,비금융회사,넷마블앤파크,동일인측,친족,친족 합계,/,-,-,-,-,,-
139,비금융회사,넷마블앤파크,동일인측,비영리법인,비영리법인,-,-,-,-,-,,-
140,비금융회사,넷마블앤파크,동일인측,등기된 임원,등기된 임원,이건희,25000,0.38,-,-,25000.0,0.38
141,비금융회사,넷마블앤파크,동일인측,등기된 임원,등기된 임원,배경태,65000,0.98,-,-,65000.0,0.98
142,비금융회사,넷마블앤파크,동일인측,자기주식,자기주식,-,-,-,-,-,,-
143,비금융회사,넷마블앤파크,동일인측,계열회사(국내+해외),계열회사(국내+해외),넷마블,5031656,76.04,-,-,5031656.0,76.04
144,비금융회사,넷마블앤파크,동일인측,기타 동일인관련자,기타 동일인관련자,-,-,-,-,-,,-
145,비금융회사,넷마블앤파크,동일인측,동일인측 합계,동일인측 합계,/,5871656,88.74,-,-,5871656.0,88.74
146,비금융회사,넷마블앤파크,기타주주,동일인측이 아닌최다주주,동일인측이 아닌최다주주,-,-,-,-,-,,-
147,비금융회사,넷마블앤파크,기타주주,기타,기타,/,745300,11.26,-,-,745300.0,11.26
148,비금융회사,넷마블앤파크,총계,총계,총계,/,6616956,100.00,-,-,6616956.0,100.00
149,비금융회사,넷마블엔투,동일인측,동일인,동일인,-,-,-,-,-,,-
150,비금융회사,넷마블엔투,동일인측,친족,배우자/혈족1촌,-,-,-,-,-,,-
151,비금융회사,넷마블엔투,동일인측,친족,혈족2~4촌,-,-,-,-,-,,-
152,비금융회사,넷마블엔투,동일인측,친족,혈족5~6촌,-,-,-,-,-,,-
153,비금융회사,넷마블엔투,동일인측,친족,인척 4촌 이내,-,-,-,-,-,,-
154,비금융회사,넷마블엔투,동일인측,친족,친족 합계,/,-,-,-,-,,-
155,비금융회사,넷마블엔투,동일인측,비영리법인,비영리법인,-,-,-,-,-,,-
156,비금융회사,넷마블엔투,동일인측,등기된 임원,등기된 임원,-,-,-,-,-,,-
157,비금융회사,넷마블엔투,동일인측,자기주식,자기주식,-,-,-,-,-,,-
158,비금융회사,넷마블엔투,동일인측,계열회사(국내+해외),계열회사(국내+해외),넷마블,4781635,99.76,-,-,4781635.0,99.76
159,비금융회사,넷마블엔투,동일인측,기타 동일인관련자,기타 동일인관련자,-,-,-,-,-,,-
160,비금융회사,넷마블엔투,동일인측,동일인측 합계,동일인측 합계,/,4781635,99.76,-,-,4781635.0,99.76
161,비금융회사,넷마블엔투,기타주주,동일인측이 아닌최다주주,동일인측이 아닌최다주주,-,-,-,-,-,,-
162,비금융회사,넷마블엔투,기타주주,기타,기타,/,11716,0.24,-,-,11716.0,0.24
163,비금융회사,넷마블엔투,총계,총계,총계,/,4793351,100.00,-,-,4793351.0,100.00
164,비금융회사,넷마블체리,동일인측,동일인,동일인,-,-,-,-,-,,-
165,비금융회사,넷마블체리,동일인측,친족,배우자/혈족1촌,-,-,-,-,-,,-
166,비금융회사,넷마블체리,동일인측,친족,혈족2~4촌,-,-,-,-,-,,-
167,비금융회사,넷마블체리,동일인측,친족,혈족5~6촌,-,-,-,-,-,,-
168,비금융회사,넷마블체리,동일인측,친족,인척 4촌 이내,-,-,-,-,-,,-
169,비금융회사,넷마블체리,동일인측,친족,친족 합계,/,-,-,-,-,,-
170,비금융회사,넷마블체리,동일인측,비영리법인,비영리법인,-,-,-,-,-,,-
171,비금융회사,넷마블체리,동일인측,등기된 임원,등기된 임원,정철호,648500,7.22,-,-,648500.0,7.22
172,비금융회사,넷마블체리,동일인측,자기주식,자기주식,-,-,-,-,-,,-
173,비금융회사,넷마블체리,동일인측,계열회사(국내+해외),계열회사(국내+해외),넷마블,7258500,80.80,-,-,7258500.0,80.80
174,비금융회사,넷마블체리,동일인측,기타 동일인관련자,기타 동일인관련자,-,-,-,-,-,,-
175,비금융회사,넷마블체리,동일인측,동일인측 합계,동일인측 합계,/,7907000,88.02,-,-,7907000.0,88.02
176,비금융회사,넷마블체리,기타주주,동일인측이 아닌최다주주,동일인측이 아닌최다주주,-,-,-,-,-,,-
177,비금융회사,넷마블체리,기타주주,기타,기타,/,1076500,11.98,-,-,1076500.0,11.98
178,비금융회사,넷마블체리,총계,총계,총계,/,8983500,100.00,-,-,8983500.0,100.00
179,비금융회사,"넷마블펀(구, 퍼니파우)",동일인측,동일인,동일인,-,-,-,-,-,,-
180,비금융회사,"넷마블펀(구, 퍼니파우)",동일인측,친족,배우자/혈족1촌,-,-,-,-,-,,-
181,비금융회사,"넷마블펀(구, 퍼니파우)",동일인측,친족,혈족2~4촌,-,-,-,-,-,,-
182,비금융회사,"넷마블펀(구, 퍼니파우)",동일인측,친족,혈족5~6촌,-,-,-,-,-,,-
183,비금융회사,"넷마블펀(구, 퍼니파우)",동일인측,친족,인척 4촌 이내,-,-,-,-,-,,-
184,비금융회사,"넷마블펀(구, 퍼니파우)",동일인측,친족,친족 합계,/,-,-,-,-,,-
185,비금융회사,"넷마블펀(구, 퍼니파우)",동일인측,비영리법인,비영리법인,-,-,-,-,-,,-
186,비금융회사,"넷마블펀(구, 퍼니파우)",동일인측,등기된 임원,등기된 임원,서우원,108600,5.74,-,-,108600.0,5.74
187,비금융회사,"넷마블펀(구, 퍼니파우)",동일인측,등기된 임원,등기된 임원,신종섭,8903,0.47,,,8903.0,0.47
188,비금융회사,"넷마블펀(구, 퍼니파우)",동일인측,자기주식,자기주식,-,-,-,-,-,,-
189,비금융회사,"넷마블펀(구, 퍼니파우)",동일인측,계열회사(국내+해외),계열회사(국내+해외),넷마블,1643293,86.87,-,-,1643293.0,86.87
190,비금융회사,"넷마블펀(구, 퍼니파우)",동일인측,기타 동일인관련자,기타 동일인관련자,-,-,-,-,-,,-
191,비금융회사,"넷마블펀(구, 퍼니파우)",동일인측,동일인측 합계,동일인측 합계,/,1760796,93.09,-,-,1760796.0,93.09
192,비금융회사,"넷마블펀(구, 퍼니파우)",기타주주,동일인측이 아닌최다주주,동일인측이 아닌최다주주,-,-,-,-,-,,-
193,비금융회사,"넷마블펀(구, 퍼니파우)",기타주주,기타,기타,/,130801,6.91,-,-,130801.0,6.91
194,비금융회사,"넷마블펀(구, 퍼니파우)",총계,총계,총계,/,1891597,100.00,-,-,1891597.0,100.00
195,비금융회사,아이지에스,동일인측,동일인,동일인,-,-,-,-,-,,-
196,비금융회사,아이지에스,동일인측,친족,배우자/혈족1촌,-,-,-,-,-,,-
197,비금융회사,아이지에스,동일인측,친족,혈족2~4촌,-,-,-,-,-,,-
198,비금융회사,아이지에스,동일인측,친족,혈족5~6촌,-,-,-,-,-,,-
199,비금융회사,아이지에스,동일인측,친족,인척 4촌 이내,-,-,-,-,-,,-
200,비금융회사,아이지에스,동일인측,친족,친족 합계,/,-,-,-,-,,-
201,비금융회사,아이지에스,동일인측,비영리법인,비영리법인,-,-,-,-,-,,-
202,비금융회사,아이지에스,동일인측,등기된 임원,등기된 임원,-,-,-,-,-,,-
203,비금융회사,아이지에스,동일인측,자기주식,자기주식,-,-,-,-,-,,-
204,비금융회사,아이지에스,동일인측,계열회사(국내+해외),계열회사(국내+해외),넷마블,6420000,100.00,-,-,6420000.0,100.00
205,비금융회사,아이지에스,동일인측,기타 동일인관련자,기타 동일인관련자,-,-,-,-,-,,-
206,비금융회사,아이지에스,동일인측,동일인측 합계,동일인측 합계,/,6420000,100.00,-,-,6420000.0,100.00
207,비금융회사,아이지에스,기타주주,동일인측이 아닌최다주주,동일인측이 아닌최다주주,-,-,-,-,-,,-
208,비금융회사,아이지에스,기타주주,기타,기타,/,-,-,-,-,,-
209,비금융회사,아이지에스,총계,총계,총계,/,6420000,100.00,-,-,6420000.0,100.00
210,비금융회사,엔탑자산관리,동일인측,동일인,동일인,-,-,-,-,-,,-
211,비금융회사,엔탑자산관리,동일인측,친족,배우자/혈족1촌,-,-,-,-,-,,-
212,비금융회사,엔탑자산관리,동일인측,친족,혈족2~4촌,-,-,-,-,-,,-
213,비금융회사,엔탑자산관리,동일인측,친족,혈족5~6촌,-,-,-,-,-,,-
214,비금융회사,엔탑자산관리,동일인측,친족,인척 4촌 이내,-,-,-,-,-,,-
215,비금융회사,엔탑자산관리,동일인측,친족,친족 합계,/,-,-,-,-,,-
216,비금융회사,엔탑자산관리,동일인측,비영리법인,비영리법인,-,-,-,-,-,,-
217,비금융회사,엔탑자산관리,동일인측,등기된 임원,등기된 임원,-,-,-,-,-,,-
218,비금융회사,엔탑자산관리,동일인측,자기주식,자기주식,-,-,-,-,-,,-
219,비금융회사,엔탑자산관리,동일인측,계열회사(국내+해외),계열회사(국내+해외),넷마블,30000,100.00,-,-,30000.0,100.00
220,비금융회사,엔탑자산관리,동일인측,기타 동일인관련자,기타 동일인관련자,-,-,-,-,-,,-
221,비금융회사,엔탑자산관리,동일인측,동일인측 합계,동일인측 합계,/,30000,100.00,-,-,30000.0,100.00
222,비금융회사,엔탑자산관리,기타주주,동일인측이 아닌최다주주,동일인측이 아닌최다주주,-,-,-,-,-,,-
223,비금융회사,엔탑자산관리,기타주주,기타,기타,/,-,-,-,-,,-
224,비금융회사,엔탑자산관리,총계,총계,총계,/,30000,100.00,-,-,30000.0,100.00
225,비금융회사,엠엔비프로덕션,동일인측,동일인,동일인,-,-,-,-,-,,-
226,비금융회사,엠엔비프로덕션,동일인측,친족,배우자/혈족1촌,-,-,-,-,-,,-
227,비금융회사,엠엔비프로덕션,동일인측,친족,혈족2~4촌,-,-,-,-,-,,-
228,비금융회사,엠엔비프로덕션,동일인측,친족,혈족5~6촌,-,-,-,-,-,,-
229,비금융회사,엠엔비프로덕션,동일인측,친족,인척 4촌 이내,-,-,-,-,-,,-
230,비금융회사,엠엔비프로덕션,동일인측,친족,친족 합계,/,-,-,-,-,,-
231,비금융회사,엠엔비프로덕션,동일인측,비영리법인,비영리법인,-,-,-,-,-,,-
232,비금융회사,엠엔비프로덕션,동일인측,등기된 임원,등기된 임원,-,-,-,-,-,,-
233,비금융회사,엠엔비프로덕션,동일인측,자기주식,자기주식,-,-,-,-,-,,-
234,비금융회사,엠엔비프로덕션,동일인측,계열회사(국내+해외),계열회사(국내+해외),넷마블,6000,100.00,-,-,6000.0,100.00
235,비금융회사,엠엔비프로덕션,동일인측,기타 동일인관련자,기타 동일인관련자,-,-,-,-,-,,-
236,비금융회사,엠엔비프로덕션,동일인측,동일인측 합계,동일인측 합계,/,6000,100.00,-,-,6000.0,100.00
237,비금융회사,엠엔비프로덕션,기타주주,동일인측이 아닌최다주주,동일인측이 아닌최다주주,-,-,-,-,-,,-
238,비금융회사,엠엔비프로덕션,기타주주,기타,기타,/,-,-,-,-,,-
239,비금융회사,엠엔비프로덕션,총계,총계,총계,/,6000,100.00,-,-,6000.0,100.00
240,비금융회사,이데아게임즈,동일인측,동일인,동일인,방준혁,16163205,15.82,-,-,16163205.0,15.82
241,비금융회사,이데아게임즈,동일인측,친족,배우자/혈족1촌,-,-,-,-,-,,-
242,비금융회사,이데아게임즈,동일인측,친족,혈족2~4촌,-,-,-,-,-,,-
243,비금융회사,이데아게임즈,동일인측,친족,혈족5~6촌,-,-,-,-,-,,-
244,비금융회사,이데아게임즈,동일인측,친족,인척 4촌 이내,-,-,-,-,-,,-
245,비금융회사,이데아게임즈,동일인측,친족,친족 합계,/,-,-,-,-,,-
246,비금융회사,이데아게임즈,동일인측,비영리법인,비영리법인,-,-,-,-,-,,-
247,비금융회사,이데아게임즈,동일인측,등기된 임원,등기된 임원,권민관,16326469,15.98,-,-,16326469.0,15.98
248,비금융회사,이데아게임즈,동일인측,등기된 임원,등기된 임원,배경태,1551014,1.52,-,-,1551014.0,1.52
249,비금융회사,이데아게임즈,동일인측,자기주식,자기주식,이데아게임즈,5955,0.01,-,-,5955.0,0.01
250,비금융회사,이데아게임즈,동일인측,계열회사(국내+해외),계열회사(국내+해외),넷마블,62516772,61.21,-,-,62516772.0,61.21
251,비금융회사,이데아게임즈,동일인측,기타 동일인관련자,기타 동일인관련자,-,-,-,-,-,,-
252,비금융회사,이데아게임즈,동일인측,동일인측 합계,동일인측 합계,/,96563415,94.54,-,-,96563415.0,94.54
253,비금융회사,이데아게임즈,기타주주,동일인측이 아닌최다주주,동일인측이 아닌최다주주,-,-,-,-,-,,-
254,비금융회사,이데아게임즈,기타주주,기타,기타,/,5577320,5.46,-,-,5577320.0,5.46
255,비금융회사,이데아게임즈,총계,총계,총계,/,102140735,100.00,-,-,102140735.0,100.00
256,비금융회사,인디스앤,동일인측,동일인,동일인,-,-,-,-,-,,-
257,비금융회사,인디스앤,동일인측,친족,배우자/혈족1촌,-,-,-,-,-,,-
258,비금융회사,인디스앤,동일인측,친족,혈족2~4촌,-,-,-,-,-,,-
259,비금융회사,인디스앤,동일인측,친족,혈족5~6촌,-,-,-,-,-,,-
260,비금융회사,인디스앤,동일인측,친족,인척 4촌 이내,-,-,-,-,-,,-
261,비금융회사,인디스앤,동일인측,친족,친족 합계,/,-,-,-,-,,-
262,비금융회사,인디스앤,동일인측,비영리법인,비영리법인,-,-,-,-,-,,-
263,비금융회사,인디스앤,동일인측,등기된 임원,등기된 임원,-,-,-,-,-,,-
264,비금융회사,인디스앤,동일인측,자기주식,자기주식,-,-,-,-,-,,-
265,비금융회사,인디스앤,동일인측,계열회사(국내+해외),계열회사(국내+해외),-,-,-,-,-,,-
266,비금융회사,인디스앤,동일인측,기타 동일인관련자,기타 동일인관련자,-,-,-,-,-,,-
267,비금융회사,인디스앤,동일인측,동일인측 합계,동일인측 합계,/,-,-,-,-,,-
268,비금융회사,인디스앤,기타주주,동일인측이 아닌최다주주,동일인측이 아닌최다주주,이효식,2200000,100.00,-,-,2200000.0,100.00
269,비금융회사,인디스앤,기타주주,기타,기타,/,-,-,-,-,,-
270,비금융회사,인디스앤,총계,총계,총계,/,2200000,100.00,-,-,2200000.0,100.00
271,비금융회사,인디스에어,동일인측,동일인,동일인,방준혁,993334,99.40,-,-,993334.0,99.40
272,비금융회사,인디스에어,동일인측,친족,배우자/혈족1촌,-,-,-,-,-,,-
273,비금융회사,인디스에어,동일인측,친족,혈족2~4촌,-,-,-,-,-,,-
274,비금융회사,인디스에어,동일인측,친족,혈족5~6촌,-,-,-,-,-,,-
275,비금융회사,인디스에어,동일인측,친족,인척 4촌 이내,-,-,-,-,-,,-
276,비금융회사,인디스에어,동일인측,친족,친족 합계,/,-,-,-,-,,-
277,비금융회사,인디스에어,동일인측,비영리법인,비영리법인,-,-,-,-,-,,-
278,비금융회사,인디스에어,동일인측,등기된 임원,등기된 임원,최준남,3616,0.36,-,-,3616.0,0.36
279,비금융회사,인디스에어,동일인측,자기주식,자기주식,-,-,-,-,-,,-
280,비금융회사,인디스에어,동일인측,계열회사(국내+해외),계열회사(국내+해외),-,-,-,-,-,,-
281,비금융회사,인디스에어,동일인측,기타 동일인관련자,기타 동일인관련자,-,-,-,-,-,,-
282,비금융회사,인디스에어,동일인측,동일인측 합계,동일인측 합계,/,996950,99.76,-,-,996950.0,99.76
283,비금융회사,인디스에어,기타주주,동일인측이 아닌최다주주,동일인측이 아닌최다주주,-,-,-,-,-,,-
284,비금융회사,인디스에어,기타주주,기타,기타,/,2383,0.24,-,-,2383.0,0.24
285,비금융회사,인디스에어,총계,총계,총계,/,999333,100.00,-,-,999333.0,100.00
286,비금융회사,"잼팟(구, 천백십일)",동일인측,동일인,동일인,방준혁,160000,10.00,-,-,160000.0,10.00
287,비금융회사,"잼팟(구, 천백십일)",동일인측,친족,배우자/혈족1촌,-,-,-,-,-,,-
288,비금융회사,"잼팟(구, 천백십일)",동일인측,친족,혈족2~4촌,-,-,-,-,-,,-
289,비금융회사,"잼팟(구, 천백십일)",동일인측,친족,혈족5~6촌,-,-,-,-,-,,-
290,비금융회사,"잼팟(구, 천백십일)",동일인측,친족,인척 4촌 이내,-,-,-,-,-,,-
291,비금융회사,"잼팟(구, 천백십일)",동일인측,친족,친족 합계,/,-,-,-,-,,-
292,비금융회사,"잼팟(구, 천백십일)",동일인측,비영리법인,비영리법인,-,-,-,-,-,,-
293,비금융회사,"잼팟(구, 천백십일)",동일인측,등기된 임원,등기된 임원,고세욱,192000,12.00,-,-,192000.0,12.00
294,비금융회사,"잼팟(구, 천백십일)",동일인측,자기주식,자기주식,-,-,-,-,-,,-
295,비금융회사,"잼팟(구, 천백십일)",동일인측,계열회사(국내+해외),계열회사(국내+해외),넷마블,912000,57.00,-,-,912000.0,57.00
296,비금융회사,"잼팟(구, 천백십일)",동일인측,기타 동일인관련자,기타 동일인관련자,-,-,-,-,-,,-
297,비금융회사,"잼팟(구, 천백십일)",동일인측,동일인측 합계,동일인측 합계,/,1264000,79.00,-,-,1264000.0,79.00
298,비금융회사,"잼팟(구, 천백십일)",기타주주,동일인측이 아닌최다주주,동일인측이 아닌최다주주,-,-,-,-,-,,-
299,비금융회사,"잼팟(구, 천백십일)",기타주주,기타,기타,/,336000,21.00,-,-,336000.0,21.00
300,비금융회사,"잼팟(구, 천백십일)",총계,총계,총계,/,1600000,100.00,-,-,1600000.0,100.00
301,비금융회사,지스퀘어피에프브이,동일인측,동일인,동일인,-,-,-,-,-,,-
302,비금융회사,지스퀘어피에프브이,동일인측,친족,배우자/혈족1촌,-,-,-,-,-,,-
303,비금융회사,지스퀘어피에프브이,동일인측,친족,혈족2~4촌,-,-,-,-,-,,-
304,비금융회사,지스퀘어피에프브이,동일인측,친족,혈족5~6촌,-,-,-,-,-,,-
305,비금융회사,지스퀘어피에프브이,동일인측,친족,인척 4촌 이내,-,-,-,-,-,,-
306,비금융회사,지스퀘어피에프브이,동일인측,친족,친족 합계,/,-,-,-,-,,-
307,비금융회사,지스퀘어피에프브이,동일인측,비영리법인,비영리법인,-,-,-,-,-,,-
308,비금융회사,지스퀘어피에프브이,동일인측,등기된 임원,등기된 임원,-,-,-,-,-,,-
309,비금융회사,지스퀘어피에프브이,동일인측,자기주식,자기주식,-,-,-,-,-,,-
310,비금융회사,지스퀘어피에프브이,동일인측,계열회사(국내+해외),계열회사(국내+해외),넷마블,159060,93.02,-,-,159060.0,88.37
311,비금융회사,지스퀘어피에프브이,동일인측,기타 동일인관련자,기타 동일인관련자,-,-,-,-,-,,-
312,비금융회사,지스퀘어피에프브이,동일인측,동일인측 합계,동일인측 합계,/,159060,93.02,-,-,159060.0,88.37
313,비금융회사,지스퀘어피에프브이,기타주주,동일인측이 아닌최다주주,동일인측이 아닌최다주주,-,-,-,-,-,,-
314,비금융회사,지스퀘어피에프브이,기타주주,기타,기타,/,11940,6.98,9000,100.00,20940.0,11.63
315,비금융회사,지스퀘어피에프브이,총계,총계,총계,/,171000,100.00,9000,100.00,180000.0,100.00
316,비금융회사,지타운피에프브이,동일인측,동일인,동일인,-,-,-,-,-,,-
317,비금융회사,지타운피에프브이,동일인측,친족,배우자/혈족1촌,-,-,-,-,-,,-
318,비금융회사,지타운피에프브이,동일인측,친족,혈족2~4촌,-,-,-,-,-,,-
319,비금융회사,지타운피에프브이,동일인측,친족,혈족5~6촌,-,-,-,-,-,,-
320,비금융회사,지타운피에프브이,동일인측,친족,인척 4촌 이내,-,-,-,-,-,,-
321,비금융회사,지타운피에프브이,동일인측,친족,친족 합계,/,-,-,-,-,,-
322,비금융회사,지타운피에프브이,동일인측,비영리법인,비영리법인,-,-,-,-,-,,-
323,비금융회사,지타운피에프브이,동일인측,등기된 임원,등기된 임원,-,-,-,-,-,,-
324,비금융회사,지타운피에프브이,동일인측,자기주식,자기주식,-,-,-,-,-,,-
325,비금융회사,지타운피에프브이,동일인측,계열회사(국내+해외),계열회사(국내+해외),넷마블,32000,27.03,-,-,32000.0,20.00
326,비금융회사,지타운피에프브이,동일인측,계열회사(국내+해외),계열회사(국내+해외),넷마블넥서스,24000,20.27,-,-,24000.0,15.00
327,비금융회사,지타운피에프브이,동일인측,계열회사(국내+해외),계열회사(국내+해외),넷마블엔투,32000,27.03,-,-,32000.0,20.00
328,비금융회사,지타운피에프브이,동일인측,계열회사(국내+해외),계열회사(국내+해외),엔탑자산관리,30400,25.68,-,-,30400.0,19.00
329,비금융회사,지타운피에프브이,동일인측,기타 동일인관련자,기타 동일인관련자,-,-,-,-,-,,-
330,비금융회사,지타운피에프브이,동일인측,동일인측 합계,동일인측 합계,/,118400,100.00,-,-,118400.0,74.00
331,비금융회사,지타운피에프브이,기타주주,동일인측이 아닌최다주주,동일인측이 아닌최다주주,-,-,-,-,-,,-
332,비금융회사,지타운피에프브이,기타주주,기타,기타,/,-,-,41600,100.00,41600.0,26.00
333,비금융회사,지타운피에프브이,총계,총계,총계,/,118400,100.00,41600,100.00,160000.0,100.00
334,비금융회사,코웨이,동일인측,동일인,동일인,-,-,-,-,-,,-
335,비금융회사,코웨이,동일인측,친족,배우자/혈족1촌,-,-,-,-,-,,-
336,비금융회사,코웨이,동일인측,친족,혈족2~4촌,-,-,-,-,-,,-
337,비금융회사,코웨이,동일인측,친족,혈족5~6촌,-,-,-,-,-,,-
338,비금융회사,코웨이,동일인측,친족,인척 4촌 이내,-,-,-,-,-,,-
339,비금융회사,코웨이,동일인측,친족,친족 합계,/,-,-,-,-,,-
340,비금융회사,코웨이,동일인측,비영리법인,비영리법인,-,-,-,-,-,,-
341,비금융회사,코웨이,동일인측,등기된 임원,등기된 임원,정준호,16890,0.02,-,-,16890.0,0.02
342,비금융회사,코웨이,동일인측,자기주식,자기주식,코웨이,1243994,1.69,-,-,1243994.0,1.69
343,비금융회사,코웨이,동일인측,계열회사(국내+해외),계열회사(국내+해외),넷마블,18511446,25.08,-,-,18511446.0,25.08
344,비금융회사,코웨이,동일인측,기타 동일인관련자,기타 동일인관련자,-,-,-,-,-,,-
345,비금융회사,코웨이,동일인측,동일인측 합계,동일인측 합계,/,19772330,26.79,-,-,19772330.0,26.79
346,비금융회사,코웨이,기타주주,동일인측이 아닌최다주주,동일인측이 아닌최다주주,-,-,-,-,-,,-
347,비금융회사,코웨이,기타주주,기타,기타,/,54027289,73.21,-,-,54027289.0,73.21
348,비금융회사,코웨이,총계,총계,총계,/,73799619,100.00,-,-,73799619.0,100.00
349,비금융회사,코웨이엔텍,동일인측,동일인,동일인,-,-,-,-,-,,-
350,비금융회사,코웨이엔텍,동일인측,친족,배우자/혈족1촌,-,-,-,-,-,,-
351,비금융회사,코웨이엔텍,동일인측,친족,혈족2~4촌,-,-,-,-,-,,-
352,비금융회사,코웨이엔텍,동일인측,친족,혈족5~6촌,-,-,-,-,-,,-
353,비금융회사,코웨이엔텍,동일인측,친족,인척 4촌 이내,-,-,-,-,-,,-
354,비금융회사,코웨이엔텍,동일인측,친족,친족 합계,/,-,-,-,-,,-
355,비금융회사,코웨이엔텍,동일인측,비영리법인,비영리법인,-,-,-,-,-,,-
356,비금융회사,코웨이엔텍,동일인측,등기된 임원,등기된 임원,-,-,-,-,-,,-
357,비금융회사,코웨이엔텍,동일인측,자기주식,자기주식,-,-,-,-,-,,-
358,비금융회사,코웨이엔텍,동일인측,계열회사(국내+해외),계열회사(국내+해외),코웨이,653570,100.00,-,-,653570.0,100.00
359,비금융회사,코웨이엔텍,동일인측,기타 동일인관련자,기타 동일인관련자,-,-,-,-,-,,-
360,비금융회사,코웨이엔텍,동일인측,동일인측 합계,동일인측 합계,/,653570,100.00,-,-,653570.0,100.00
361,비금융회사,코웨이엔텍,기타주주,동일인측이 아닌최다주주,동일인측이 아닌최다주주,-,-,-,-,-,,-
362,비금융회사,코웨이엔텍,기타주주,기타,기타,/,-,-,-,-,,-
363,비금융회사,코웨이엔텍,총계,총계,총계,/,653570,100.00,-,-,653570.0,100.00
364,비금융회사,포천맑은물,동일인측,동일인,동일인,-,-,-,-,-,,-
365,비금융회사,포천맑은물,동일인측,친족,배우자/혈족1촌,-,-,-,-,-,,-
366,비금융회사,포천맑은물,동일인측,친족,혈족2~4촌,-,-,-,-,-,,-
367,비금융회사,포천맑은물,동일인측,친족,혈족5~6촌,-,-,-,-,-,,-
368,비금융회사,포천맑은물,동일인측,친족,인척 4촌 이내,-,-,-,-,-,,-
369,비금융회사,포천맑은물,동일인측,친족,친족 합계,/,-,-,-,-,,-
370,비금융회사,포천맑은물,동일인측,비영리법인,비영리법인,-,-,-,-,-,,-
371,비금융회사,포천맑은물,동일인측,등기된 임원,등기된 임원,-,-,-,-,-,,-
372,비금융회사,포천맑은물,동일인측,자기주식,자기주식,-,-,-,-,-,,-
373,비금융회사,포천맑은물,동일인측,계열회사(국내+해외),계열회사(국내+해외),코웨이엔텍,433200,69.98,-,-,433200.0,69.98
374,비금융회사,포천맑은물,동일인측,기타 동일인관련자,기타 동일인관련자,-,-,-,-,-,,-
375,비금융회사,포천맑은물,동일인측,동일인측 합계,동일인측 합계,/,433200,69.98,-,-,433200.0,69.98
376,비금융회사,포천맑은물,기타주주,동일인측이 아닌최다주주,동일인측이 아닌최다주주,-,-,-,-,-,,-
377,비금융회사,포천맑은물,기타주주,기타,기타,/,185800,30.02,-,-,185800.0,30.02
378,비금융회사,포천맑은물,총계,총계,총계,/,619000,100.00,-,-,619000.0,100.00
379,비금융회사,화이버텍,동일인측,동일인,동일인,-,-,-,-,-,,-
380,비금융회사,화이버텍,동일인측,친족,배우자/혈족1촌,-,-,-,-,-,,-
381,비금융회사,화이버텍,동일인측,친족,혈족2~4촌,-,-,-,-,-,,-
382,비금융회사,화이버텍,동일인측,친족,혈족5~6촌,-,-,-,-,-,,-
383,비금융회사,화이버텍,동일인측,친족,인척 4촌 이내,-,-,-,-,-,,-
384,비금융회사,화이버텍,동일인측,친족,친족 합계,/,-,-,-,-,,-
385,비금융회사,화이버텍,동일인측,비영리법인,비영리법인,-,-,-,-,-,,-
386,비금융회사,화이버텍,동일인측,등기된 임원,등기된 임원,이택헌,42703766,90.00,-,-,42703766.0,90.00
387,비금융회사,화이버텍,동일인측,등기된 임원,등기된 임원,이덕의,7700,0.02,-,-,7700.0,0.02
388,비금융회사,화이버텍,동일인측,자기주식,자기주식,-,-,-,-,-,,-
389,비금융회사,화이버텍,동일인측,계열회사(국내+해외),계열회사(국내+해외),-,-,-,-,-,,-
390,비금융회사,화이버텍,동일인측,기타 동일인관련자,기타 동일인관련자,-,-,-,-,-,,-
391,비금융회사,화이버텍,동일인측,동일인측 합계,동일인측 합계,/,42711466,90.01,-,-,42711466.0,90.01
392,비금융회사,화이버텍,기타주주,동일인측이 아닌최다주주,동일인측이 아닌최다주주,-,-,-,-,-,,-
393,비금융회사,화이버텍,기타주주,기타,기타,/,4739645,9.99,-,-,4739645.0,9.99
394,비금융회사,화이버텍,총계,총계,총계,/,47451111,100.00,-,-,47451111.0,100.00
