,소속회사명,소속회사명,동일인과의관계,동일인과의관계,동일인과의관계,성명,보통주,보통주,우선주,우선주,합계,합계
,소속회사명,소속회사명.1,동일인과의관계,동일인과의관계.1,동일인과의관계.2,성명,주식수,지분율,주식수,지분율,주식수,지분율
0,비금융회사,롯데지주㈜,동일인측,동일인,동일인,신동빈,12330941,11.75%,23085,2.34%,12354026,11.67%
1,비금융회사,롯데지주㈜,동일인측,친족,배우자/혈족1촌,신격호,3245425,3.09%,139847,14.16%,3385272,3.20%
2,비금융회사,롯데지주㈜,동일인측,친족,혈족2~4촌,신영자,2352422,2.24%,14814,1.50%,2367236,2.24%
3,비금융회사,롯데지주㈜,동일인측,친족,혈족2~4촌,신동주,171673,0.16%,0,0.00%,171673,0.16%
4,비금융회사,롯데지주㈜,동일인측,친족,혈족2~4촌,장선윤,801,0.00%,0,0.00%,801,0.00%
5,비금융회사,롯데지주㈜,동일인측,친족,혈족2~4촌,장정안,77037,0.07%,0,0.00%,77037,0.07%
6,비금융회사,롯데지주㈜,동일인측,친족,혈족2~4촌,신유미,42254,0.04%,0,0.00%,42254,0.04%
7,비금융회사,롯데지주㈜,동일인측,친족,혈족5~6촌,조현욱,451,0.00%,2,0.00%,453,0.00%
8,비금융회사,롯데지주㈜,동일인측,친족,혈족5~6촌,신영우,34,0.00%,0,0.00%,34,0.00%
9,비금융회사,롯데지주㈜,동일인측,친족,혈족5~6촌,신복남,320,0.00%,0,0.00%,320,0.00%
10,비금융회사,롯데지주㈜,동일인측,친족,인척4촌 이내,오고 야요이,1792,0.00%,0,0.00%,1792,0.00%
11,비금융회사,롯데지주㈜,동일인측,친족,인척4촌 이내,조용완,5,0.00%,3,0.00%,8,0.00%
12,비금융회사,롯데지주㈜,동일인측,친족,인척4촌 이내,박희청,320,0.00%,0,0.00%,320,0.00%
13,비금융회사,롯데지주㈜,동일인측,친족,친족합계,친족합계,5892534,5.62%,154666,15.66%,6047200,5.71%
14,비금융회사,롯데지주㈜,동일인측,비영리법인,,(재)롯데문화재단,90869,0.09%,11728,1.19%,102597,0.10%
15,비금융회사,롯데지주㈜,동일인측,비영리법인,,(재)롯데장학재단,3394589,3.24%,50516,5.11%,3445105,3.25%
16,비금융회사,롯데지주㈜,동일인측,비영리법인,,사회복지법인 롯데삼동복지재단,54807,0.05%,0,0.00%,54807,0.05%
17,비금융회사,롯데지주㈜,동일인측,등기된임원,,박윤기,100,0.00%,0,0.00%,100,0.00%
18,비금융회사,롯데지주㈜,동일인측,등기된임원,,황각규,3374,0.00%,0,0.00%,3374,0.00%
19,비금융회사,롯데지주㈜,동일인측,등기된임원,,윤종민,1000,0.00%,0,0.00%,1000,0.00%
20,비금융회사,롯데지주㈜,동일인측,등기된임원,,송용덕,1400,0.00%,0,0.00%,1400,0.00%
21,비금융회사,롯데지주㈜,동일인측,등기된임원,,강희태,127,0.00%,0,0.00%,127,0.00%
22,비금융회사,롯데지주㈜,동일인측,등기된임원,,장호주,114,0.00%,0,0.00%,114,0.00%
23,비금융회사,롯데지주㈜,동일인측,등기된임원,,송정호,860,0.00%,0,0.00%,860,0.00%
24,비금융회사,롯데지주㈜,동일인측,등기된임원,,최연수,551,0.00%,0,0.00%,551,0.00%
25,비금융회사,롯데지주㈜,동일인측,등기된임원,,박인구,100,0.00%,0,0.00%,100,0.00%
26,비금융회사,롯데지주㈜,동일인측,등기된임원,,이봉철,190,0.00%,0,0.00%,190,0.00%
27,비금융회사,롯데지주㈜,동일인측,등기된임원,,이동진,500,0.00%,0,0.00%,500,0.00%
28,비금융회사,롯데지주㈜,동일인측,등기된임원,,유형주,81,0.00%,0,0.00%,81,0.00%
29,비금융회사,롯데지주㈜,동일인측,등기된임원,,박상윤,72,0.00%,0,0.00%,72,0.00%
30,비금융회사,롯데지주㈜,동일인측,등기된임원,,서광식,8,0.00%,0,0.00%,8,0.00%
31,비금융회사,롯데지주㈜,동일인측,등기된임원,,장학영,100,0.00%,0,0.00%,100,0.00%
32,비금융회사,롯데지주㈜,동일인측,등기된임원,,정찬우,5000,0.00%,0,0.00%,5000,0.00%
33,비금융회사,롯데지주㈜,동일인측,등기된임원,,김민아,325,0.00%,0,0.00%,325,0.00%
34,비금융회사,롯데지주㈜,동일인측,등기된임원,,이갑,100,0.00%,0,0.00%,100,0.00%
35,비금융회사,롯데지주㈜,동일인측,등기된임원,,황용석,18,0.00%,0,0.00%,18,0.00%
36,비금융회사,롯데지주㈜,동일인측,등기된임원,,김태완,200,0.00%,0,0.00%,200,0.00%
37,비금융회사,롯데지주㈜,동일인측,등기된임원,,기원규,70,0.00%,0,0.00%,70,0.00%
38,비금융회사,롯데지주㈜,동일인측,등기된임원,,오성엽,1000,0.00%,0,0.00%,1000,0.00%
39,비금융회사,롯데지주㈜,동일인측,등기된임원,,김원재,177,0.00%,0,0.00%,177,0.00%
40,비금융회사,롯데지주㈜,동일인측,등기된임원,,추광식,365,0.00%,0,0.00%,365,0.00%
41,비금융회사,롯데지주㈜,동일인측,등기된임원,,이형규,57,0.00%,0,0.00%,57,0.00%
42,비금융회사,롯데지주㈜,동일인측,등기된임원,,이종현,600,0.00%,0,0.00%,600,0.00%
43,비금융회사,롯데지주㈜,동일인측,등기된임원,,김재윤,0,0.00%,500,0.05%,500,0.00%
44,비금융회사,롯데지주㈜,동일인측,등기된임원,,정부옥,400,0.00%,0,0.00%,400,0.00%
45,비금융회사,롯데지주㈜,동일인측,등기된임원,,정경문,600,0.00%,0,0.00%,600,0.00%
46,비금융회사,롯데지주㈜,동일인측,등기된임원,,이재홍,100,0.00%,0,0.00%,100,0.00%
47,비금융회사,롯데지주㈜,동일인측,등기된임원,,백광현,200,0.00%,0,0.00%,200,0.00%
48,비금융회사,롯데지주㈜,동일인측,등기된임원,,구본욱,50,0.00%,0,0.00%,50,0.00%
49,비금융회사,롯데지주㈜,동일인측,등기된임원,,박수성,70,0.00%,0,0.00%,70,0.00%
50,비금융회사,롯데지주㈜,동일인측,등기된임원,,권오승,90,0.00%,0,0.00%,90,0.00%
51,비금융회사,롯데지주㈜,동일인측,등기된임원,,김종길,639,0.00%,0,0.00%,639,0.00%
52,비금융회사,롯데지주㈜,동일인측,등기된임원,,현종혁,45,0.00%,0,0.00%,45,0.00%
53,비금융회사,롯데지주㈜,동일인측,등기된임원,,이병희,137,0.00%,0,0.00%,137,0.00%
54,비금융회사,롯데지주㈜,동일인측,등기된임원,,심명섭,200,0.00%,0,0.00%,200,0.00%
55,비금융회사,롯데지주㈜,동일인측,등기된임원,,이종환,25,0.00%,0,0.00%,25,0.00%
56,비금융회사,롯데지주㈜,동일인측,등기된임원,,김세호,549,0.00%,0,0.00%,549,0.00%
57,비금융회사,롯데지주㈜,동일인측,등기된임원,,김경봉,22,0.00%,0,0.00%,22,0.00%
58,비금융회사,롯데지주㈜,동일인측,등기된임원,,손명정,24,0.00%,0,0.00%,24,0.00%
59,비금융회사,롯데지주㈜,동일인측,등기된임원,,손희영,250,0.00%,0,0.00%,250,0.00%
60,비금융회사,롯데지주㈜,동일인측,등기된임원,,이호설,107,0.00%,0,0.00%,107,0.00%
61,비금융회사,롯데지주㈜,동일인측,등기된임원,,조한봉,7122,0.01%,0,0.00%,7122,0.01%
62,비금융회사,롯데지주㈜,동일인측,자기주식,,롯데지주㈜,34103937,32.51%,280048,28.36%,34383985,32.47%
63,비금융회사,롯데지주㈜,동일인측,계열회사,,㈜호텔롯데,11644662,11.10%,47735,4.83%,11692397,11.04%
64,비금융회사,롯데지주㈜,동일인측,계열회사,,㈜부산롯데호텔,989749,0.94%,0,0.00%,989749,0.93%
65,비금융회사,롯데지주㈜,동일인측,계열회사,,롯데알미늄㈜,5313478,5.06%,38854,3.93%,5352332,5.05%
66,비금융회사,롯데지주㈜,동일인측,해외계열,,L제2투자회사,1548547,1.48%,0,0.00%,1548547,1.46%
67,비금융회사,롯데지주㈜,동일인측,해외계열,,L제12투자회사,823865,0.79%,0,0.00%,823865,0.78%
68,비금융회사,롯데지주㈜,동일인측,해외계열,,(주)롯데홀딩스,2613965,2.49%,0,0.00%,2613965,2.47%
69,비금융회사,롯데지주㈜,동일인측,동일인측 합계,동일인측 합계,동일인측 합계,78829062,75.14%,607132,61.47%,79436194,75.01%
70,비금융회사,롯데지주㈜,기타주주,기타,기타,기타,26080175,24.86%,380491,38.53%,26460666,24.99%
71,비금융회사,롯데지주㈜,롯데지주㈜ 합계,롯데지주㈜ 합계,롯데지주㈜ 합계,롯데지주㈜ 합계,104909237,100.00%,987623,100.00%,105896860,100.00%
72,비금융회사,㈜호텔롯데,동일인측,자기주식,,㈜호텔롯데,173604,0.17%,0,0.00%,173604,0.17%
73,비금융회사,㈜호텔롯데,동일인측,계열회사,,㈜부산롯데호텔,566100,0.55%,0,0.00%,566100,0.55%
74,비금융회사,㈜호텔롯데,동일인측,해외계열,,(주)롯데홀딩스,19515000,19.07%,0,0.00%,19515000,19.07%
75,비금융회사,㈜호텔롯데,동일인측,해외계열,,(주)광윤사,5580000,5.45%,0,0.00%,5580000,5.45%
76,비금융회사,㈜호텔롯데,동일인측,해외계열,,L제1투자회사,8800000,8.60%,0,0.00%,8800000,8.60%
77,비금융회사,㈜호텔롯데,동일인측,해외계열,,L제2투자회사,3400000,3.32%,0,0.00%,3400000,3.32%
78,비금융회사,㈜호텔롯데,동일인측,해외계열,,L제4투자회사,16000000,15.63%,0,0.00%,16000000,15.63%
79,비금융회사,㈜호텔롯데,동일인측,해외계열,,L제5투자회사,3685000,3.60%,0,0.00%,3685000,3.60%
80,비금융회사,㈜호텔롯데,동일인측,해외계열,,L제6투자회사,4060000,3.97%,0,0.00%,4060000,3.97%
81,비금융회사,㈜호텔롯데,동일인측,해외계열,,L제7투자회사,9620000,9.40%,0,0.00%,9620000,9.40%
82,비금융회사,㈜호텔롯데,동일인측,해외계열,,L제8투자회사,5900000,5.76%,0,0.00%,5900000,5.76%
83,비금융회사,㈜호텔롯데,동일인측,해외계열,,L제9투자회사,10650000,10.41%,0,0.00%,10650000,10.41%
84,비금융회사,㈜호텔롯데,동일인측,해외계열,,L제10투자회사,4540000,4.44%,0,0.00%,4540000,4.44%
85,비금융회사,㈜호텔롯데,동일인측,해외계열,,L제11투자회사,3400000,3.32%,0,0.00%,3400000,3.32%
86,비금융회사,㈜호텔롯데,동일인측,해외계열,,L제12투자회사,4300000,4.20%,0,0.00%,4300000,4.20%
87,비금융회사,㈜호텔롯데,동일인측,해외계열,,(주)패밀리,2160000,2.11%,0,0.00%,2160000,2.11%
88,비금융회사,㈜호텔롯데,동일인측,동일인측 합계,동일인측 합계,동일인측 합계,102349704,100.00%,0,0.00%,102349704,100.00%
89,비금융회사,㈜호텔롯데,㈜호텔롯데 합계,㈜호텔롯데 합계,㈜호텔롯데 합계,㈜호텔롯데 합계,102349704,100.00%,0,0.00%,102349704,100.00%
90,비금융회사,롯데면세점제주㈜,동일인측,계열회사,,㈜호텔롯데,200000,100.00%,0,0.00%,200000,100.00%
91,비금융회사,롯데면세점제주㈜,동일인측,동일인측 합계,동일인측 합계,동일인측 합계,200000,100.00%,0,0.00%,200000,100.00%
92,비금융회사,롯데면세점제주㈜,롯데면세점제주㈜ 합계,롯데면세점제주㈜ 합계,롯데면세점제주㈜ 합계,롯데면세점제주㈜ 합계,200000,100.00%,0,0.00%,200000,100.00%
93,비금융회사,㈜부산롯데호텔,동일인측,자기주식,,㈜부산롯데호텔,1000,0.00%,0,0.00%,1000,0.00%
94,비금융회사,㈜부산롯데호텔,동일인측,해외계열,,(주)롯데홀딩스,11375000,46.62%,0,0.00%,11375000,46.62%
95,비금융회사,㈜부산롯데호텔,동일인측,해외계열,,(주)광윤사,1666000,6.83%,0,0.00%,1666000,6.83%
96,비금융회사,㈜부산롯데호텔,동일인측,해외계열,,L제2투자회사,140000,0.57%,0,0.00%,140000,0.57%
97,비금융회사,㈜부산롯데호텔,동일인측,해외계열,,L제3투자회사,5020000,20.57%,0,0.00%,5020000,20.57%
98,비금융회사,㈜부산롯데호텔,동일인측,해외계열,,L제6투자회사,777000,3.18%,0,0.00%,777000,3.18%
99,비금융회사,㈜부산롯데호텔,동일인측,해외계열,,L제7투자회사,1570000,6.43%,0,0.00%,1570000,6.43%
100,비금융회사,㈜부산롯데호텔,동일인측,해외계열,,L제9투자회사,1480000,6.07%,0,0.00%,1480000,6.07%
101,비금융회사,㈜부산롯데호텔,동일인측,해외계열,,L제10투자회사,222000,0.91%,0,0.00%,222000,0.91%
102,비금융회사,㈜부산롯데호텔,동일인측,해외계열,,L제12투자회사,2150000,8.81%,0,0.00%,2150000,8.81%
103,비금융회사,㈜부산롯데호텔,동일인측,동일인측 합계,동일인측 합계,동일인측 합계,24401000,100.00%,0,0.00%,24401000,100.00%
104,비금융회사,㈜부산롯데호텔,㈜부산롯데호텔 합계,㈜부산롯데호텔 합계,㈜부산롯데호텔 합계,㈜부산롯데호텔 합계,24401000,100.00%,0,0.00%,24401000,100.00%
105,비금융회사,롯데물산㈜,동일인측,동일인,동일인,신동빈,1026758,1.73%,0,0.00%,1026758,1.73%
106,비금융회사,롯데물산㈜,동일인측,친족,혈족2~4촌,신영자,2043454,3.44%,0,0.00%,2043454,3.44%
107,비금융회사,롯데물산㈜,동일인측,친족,혈족2~4촌,신동주,1028758,1.73%,0,0.00%,1028758,1.73%
108,비금융회사,롯데물산㈜,동일인측,친족,친족합계,친족합계,3072212,5.17%,0,0.00%,3072212,5.17%
109,비금융회사,롯데물산㈜,동일인측,계열회사,,㈜호텔롯데,18508174,31.13%,0,0.00%,18508174,31.13%
110,비금융회사,롯데물산㈜,동일인측,해외계열,,(주)롯데홀딩스,33881736,56.99%,0,0.00%,33881736,56.99%
111,비금융회사,롯데물산㈜,동일인측,해외계열,,L제3투자회사,2960000,4.98%,0,0.00%,2960000,4.98%
112,비금융회사,롯데물산㈜,동일인측,동일인측 합계,동일인측 합계,동일인측 합계,59448880,100.00%,0,0.00%,59448880,100.00%
113,비금융회사,롯데물산㈜,롯데물산㈜ 합계,롯데물산㈜ 합계,롯데물산㈜ 합계,롯데물산㈜ 합계,59448880,100.00%,0,0.00%,59448880,100.00%
114,비금융회사,스마일위드㈜,동일인측,계열회사,,㈜호텔롯데,50000,100.00%,0,0.00%,50000,100.00%
115,비금융회사,스마일위드㈜,동일인측,동일인측 합계,동일인측 합계,동일인측 합계,50000,100.00%,0,0.00%,50000,100.00%
116,비금융회사,스마일위드㈜,스마일위드㈜ 합계,스마일위드㈜ 합계,스마일위드㈜ 합계,스마일위드㈜ 합계,50000,100.00%,0,0.00%,50000,100.00%
117,비금융회사,롯데디에프리테일㈜,동일인측,계열회사,,㈜호텔롯데,15530350,97.79%,0,0.00%,15530350,97.79%
118,비금융회사,롯데디에프리테일㈜,동일인측,동일인측 합계,동일인측 합계,동일인측 합계,15530350,97.79%,0,0.00%,15530350,97.79%
119,비금융회사,롯데디에프리테일㈜,기타주주,기타,기타,기타,350767,2.21%,0,0.00%,350767,2.21%
120,비금융회사,롯데디에프리테일㈜,롯데디에프리테일㈜ 합계,롯데디에프리테일㈜ 합계,롯데디에프리테일㈜ 합계,롯데디에프리테일㈜ 합계,15881117,100.00%,0,0.00%,15881117,100.00%
121,비금융회사,롯데제과㈜,동일인측,친족,배우자/혈족1촌,신격호,287408,4.48%,0,0.00%,287408,4.48%
122,비금융회사,롯데제과㈜,동일인측,친족,혈족2~4촌,신영자,106228,1.66%,0,0.00%,106228,1.66%
123,비금융회사,롯데제과㈜,동일인측,친족,혈족2~4촌,장정안,12964,0.20%,0,0.00%,12964,0.20%
124,비금융회사,롯데제과㈜,동일인측,친족,인척4촌 이내,오고 야요이,302,0.00%,0,0.00%,302,0.00%
125,비금융회사,롯데제과㈜,동일인측,친족,친족합계,친족합계,406902,6.34%,0,0.00%,406902,6.34%
126,비금융회사,롯데제과㈜,동일인측,비영리법인,,(재)롯데장학재단,365937,5.70%,0,0.00%,365937,5.70%
127,비금융회사,롯데제과㈜,동일인측,등기된임원,,이경훤,100,0.00%,0,0.00%,100,0.00%
128,비금융회사,롯데제과㈜,동일인측,등기된임원,,정찬우,40,0.00%,0,0.00%,40,0.00%
129,비금융회사,롯데제과㈜,동일인측,등기된임원,,민명기,400,0.01%,0,0.00%,400,0.01%
130,비금융회사,롯데제과㈜,동일인측,자기주식,,롯데제과㈜,4578,0.07%,0,0.00%,4578,0.07%
131,비금융회사,롯데제과㈜,동일인측,계열회사,,롯데지주㈜,3106984,48.42%,0,0.00%,3106984,48.42%
132,비금융회사,롯데제과㈜,동일인측,계열회사,,㈜호텔롯데,135239,2.11%,0,0.00%,135239,2.11%
133,비금융회사,롯데제과㈜,동일인측,계열회사,,롯데알미늄㈜,643381,10.03%,0,0.00%,643381,10.03%
134,비금융회사,롯데제과㈜,동일인측,해외계열,,(주)롯데홀딩스,416338,6.49%,0,0.00%,416338,6.49%
135,비금융회사,롯데제과㈜,동일인측,동일인측 합계,동일인측 합계,동일인측 합계,5079899,79.17%,0,0.00%,5079899,79.17%
136,비금융회사,롯데제과㈜,기타주주,기타,기타,기타,1336818,20.83%,0,0.00%,1336818,20.83%
137,비금융회사,롯데제과㈜,롯데제과㈜ 합계,롯데제과㈜ 합계,롯데제과㈜ 합계,롯데제과㈜ 합계,6416717,100.00%,0,0.00%,6416717,100.00%
138,비금융회사,롯데칠성음료㈜,동일인측,동일인,동일인,신동빈,0,0.00%,18120,2.34%,18120,0.21%
139,비금융회사,롯데칠성음료㈜,동일인측,친족,배우자/혈족1촌,신격호,104080,1.30%,109780,14.16%,213860,2.44%
140,비금융회사,롯데칠성음료㈜,동일인측,친족,혈족2~4촌,신영자,212380,2.66%,11620,1.50%,224000,2.55%
141,비금융회사,롯데칠성음료㈜,동일인측,친족,혈족2~4촌,신유미,770,0.01%,0,0.00%,770,0.01%
142,비금융회사,롯데칠성음료㈜,동일인측,친족,친족합계,친족합계,317230,3.97%,121400,15.66%,438630,5.00%
143,비금융회사,롯데칠성음료㈜,동일인측,비영리법인,,(재)롯데문화재단,0,0.00%,9200,1.19%,9200,0.10%
144,비금융회사,롯데칠성음료㈜,동일인측,비영리법인,,(재)롯데장학재단,501680,6.28%,39650,5.11%,541330,6.17%
145,비금융회사,롯데칠성음료㈜,동일인측,등기된임원,,박윤기,300,0.00%,0,0.00%,300,0.00%
146,비금융회사,롯데칠성음료㈜,동일인측,등기된임원,,이동진,100,0.00%,0,0.00%,100,0.00%
147,비금융회사,롯데칠성음료㈜,동일인측,등기된임원,,이영구,930,0.01%,0,0.00%,930,0.01%
148,비금융회사,롯데칠성음료㈜,동일인측,등기된임원,,정찬우,500,0.01%,0,0.00%,500,0.01%
149,비금융회사,롯데칠성음료㈜,동일인측,등기된임원,,구본욱,6,0.00%,50,0.01%,56,0.00%
150,비금융회사,롯데칠성음료㈜,동일인측,등기된임원,,백광현,50,0.00%,0,0.00%,50,0.00%
151,비금융회사,롯데칠성음료㈜,동일인측,등기된임원,,심명섭,10,0.00%,0,0.00%,10,0.00%
152,비금융회사,롯데칠성음료㈜,동일인측,자기주식,,롯데칠성음료㈜,420110,5.26%,138460,17.86%,558570,6.37%
153,비금융회사,롯데칠성음료㈜,동일인측,계열회사,,롯데지주㈜,2121660,26.54%,64890,8.37%,2186550,24.94%
154,비금융회사,롯데칠성음료㈜,동일인측,계열회사,,㈜호텔롯데,473450,5.92%,37470,4.83%,510920,5.83%
155,비금융회사,롯데칠성음료㈜,동일인측,계열회사,,롯데알미늄㈜,708870,8.87%,30500,3.93%,739370,8.43%
156,비금융회사,롯데칠성음료㈜,동일인측,해외계열,,(주)롯데홀딩스,109830,1.37%,0,0.00%,109830,1.25%
157,비금융회사,롯데칠성음료㈜,동일인측,동일인측 합계,동일인측 합계,동일인측 합계,4654726,58.23%,459740,59.30%,5114466,58.33%
158,비금융회사,롯데칠성음료㈜,기타주주,기타,기타,기타,3338734,41.77%,315570,40.70%,3654304,41.67%
159,비금융회사,롯데칠성음료㈜,롯데칠성음료㈜ 합계,롯데칠성음료㈜ 합계,롯데칠성음료㈜ 합계,롯데칠성음료㈜ 합계,7993460,100.00%,775310,100.00%,8768770,100.00%
160,비금융회사,롯데푸드㈜,동일인측,동일인,동일인,신동빈,22232,1.96%,0,0.00%,22232,1.96%
161,비금융회사,롯데푸드㈜,동일인측,친족,혈족2~4촌,신영자,12374,1.09%,0,0.00%,12374,1.09%
162,비금융회사,롯데푸드㈜,동일인측,친족,혈족2~4촌,신유미,3787,0.33%,0,0.00%,3787,0.33%
163,비금융회사,롯데푸드㈜,동일인측,친족,혈족5~6촌,신복남,100,0.01%,0,0.00%,100,0.01%
164,비금융회사,롯데푸드㈜,동일인측,친족,친족합계,친족합계,16261,1.44%,0,0.00%,16261,1.44%
165,비금융회사,롯데푸드㈜,동일인측,비영리법인,,(재)롯데장학재단,46417,4.10%,0,0.00%,46417,4.10%
166,비금융회사,롯데푸드㈜,동일인측,등기된임원,,서광식,4,0.00%,0,0.00%,4,0.00%
167,비금융회사,롯데푸드㈜,동일인측,등기된임원,,조경수,117,0.01%,0,0.00%,117,0.01%
168,비금융회사,롯데푸드㈜,동일인측,등기된임원,,김재열,100,0.01%,0,0.00%,100,0.01%
169,비금융회사,롯데푸드㈜,동일인측,자기주식,,롯데푸드㈜,222060,19.62%,0,0.00%,222060,19.62%
170,비금융회사,롯데푸드㈜,동일인측,계열회사,,롯데지주㈜,261199,23.08%,0,0.00%,261199,23.08%
171,비금융회사,롯데푸드㈜,동일인측,계열회사,,㈜호텔롯데,100845,8.91%,0,0.00%,100845,8.91%
172,비금융회사,롯데푸드㈜,동일인측,계열회사,,㈜부산롯데호텔,49591,4.38%,0,0.00%,49591,4.38%
173,비금융회사,롯데푸드㈜,동일인측,해외계열,,L제2투자회사,49096,4.34%,0,0.00%,49096,4.34%
174,비금융회사,롯데푸드㈜,동일인측,동일인측 합계,동일인측 합계,동일인측 합계,767922,67.85%,0,0.00%,767922,67.85%
175,비금융회사,롯데푸드㈜,기타주주,기타,기타,기타,363948,32.15%,0,0.00%,363948,32.15%
176,비금융회사,롯데푸드㈜,롯데푸드㈜ 합계,롯데푸드㈜ 합계,롯데푸드㈜ 합계,롯데푸드㈜ 합계,1131870,100.00%,0,0.00%,1131870,100.00%
177,비금융회사,롯데네슬레코리아㈜,동일인측,계열회사,,롯데지주㈜,2639156,50.00%,0,0.00%,2639156,50.00%
178,비금융회사,롯데네슬레코리아㈜,동일인측,동일인측 합계,동일인측 합계,동일인측 합계,2639156,50.00%,0,0.00%,2639156,50.00%
179,비금융회사,롯데네슬레코리아㈜,기타주주,동일인측이 아닌 최다주주,,Societe des Produits Nestle S.A.,2639156,50.00%,0,0.00%,2639156,50.00%
180,비금융회사,롯데네슬레코리아㈜,롯데네슬레코리아㈜ 합계,롯데네슬레코리아㈜ 합계,롯데네슬레코리아㈜ 합계,롯데네슬레코리아㈜ 합계,5278312,100.00%,0,0.00%,5278312,100.00%
181,비금융회사,롯데지알에스㈜,동일인측,친족,혈족2~4촌,신영자,11,0.00%,0,0.00%,11,0.00%
182,비금융회사,롯데지알에스㈜,동일인측,친족,친족합계,친족합계,11,0.00%,0,0.00%,11,0.00%
183,비금융회사,롯데지알에스㈜,동일인측,자기주식,,롯데지알에스㈜,3,0.00%,0,0.00%,3,0.00%
184,비금융회사,롯데지알에스㈜,동일인측,계열회사,,롯데지주㈜,137267,54.44%,0,0.00%,137267,54.44%
185,비금융회사,롯데지알에스㈜,동일인측,계열회사,,㈜호텔롯데,47335,18.77%,0,0.00%,47335,18.77%
186,비금융회사,롯데지알에스㈜,동일인측,계열회사,,㈜부산롯데호텔,28464,11.29%,0,0.00%,28464,11.29%
187,비금융회사,롯데지알에스㈜,동일인측,해외계열,,L제12투자회사,39073,15.50%,0,0.00%,39073,15.50%
188,비금융회사,롯데지알에스㈜,동일인측,동일인측 합계,동일인측 합계,동일인측 합계,252153,100.00%,0,0.00%,252153,100.00%
189,비금융회사,롯데지알에스㈜,롯데지알에스㈜ 합계,롯데지알에스㈜ 합계,롯데지알에스㈜ 합계,롯데지알에스㈜ 합계,252153,100.00%,0,0.00%,252153,100.00%
190,비금융회사,㈜롯데아사히주류,동일인측,계열회사,,롯데칠성음료㈜,1499999,50.00%,0,0.00%,1499999,50.00%
191,비금융회사,㈜롯데아사히주류,동일인측,동일인측 합계,동일인측 합계,동일인측 합계,1499999,50.00%,0,0.00%,1499999,50.00%
192,비금융회사,㈜롯데아사히주류,기타주주,동일인측이 아닌 최다주주,,아사히그룹홀딩스(주),1500001,50.00%,0,0.00%,1500001,50.00%
193,비금융회사,㈜롯데아사히주류,㈜롯데아사히주류 합계,㈜롯데아사히주류 합계,㈜롯데아사히주류 합계,㈜롯데아사히주류 합계,3000000,100.00%,0,0.00%,3000000,100.00%
194,비금융회사,㈜충북소주,동일인측,계열회사,,롯데지주㈜,30000,100.00%,0,0.00%,30000,100.00%
195,비금융회사,㈜충북소주,동일인측,동일인측 합계,동일인측 합계,동일인측 합계,30000,100.00%,0,0.00%,30000,100.00%
196,비금융회사,㈜충북소주,㈜충북소주 합계,㈜충북소주 합계,㈜충북소주 합계,㈜충북소주 합계,30000,100.00%,0,0.00%,30000,100.00%
197,비금융회사,엠제이에이와인㈜,동일인측,계열회사,,롯데지주㈜,130000,100.00%,0,0.00%,130000,100.00%
198,비금융회사,엠제이에이와인㈜,동일인측,동일인측 합계,동일인측 합계,동일인측 합계,130000,100.00%,0,0.00%,130000,100.00%
199,비금융회사,엠제이에이와인㈜,엠제이에이와인㈜ 합계,엠제이에이와인㈜ 합계,엠제이에이와인㈜ 합계,엠제이에이와인㈜ 합계,130000,100.00%,0,0.00%,130000,100.00%
200,비금융회사,씨에이치음료㈜,동일인측,계열회사,,롯데지주㈜,30660,100.00%,0,0.00%,30660,100.00%
201,비금융회사,씨에이치음료㈜,동일인측,동일인측 합계,동일인측 합계,동일인측 합계,30660,100.00%,0,0.00%,30660,100.00%
202,비금융회사,씨에이치음료㈜,씨에이치음료㈜ 합계,씨에이치음료㈜ 합계,씨에이치음료㈜ 합계,씨에이치음료㈜ 합계,30660,100.00%,0,0.00%,30660,100.00%
203,비금융회사,㈜백학음료,동일인측,계열회사,,롯데지주㈜,7382400,86.06%,0,0.00%,7382400,86.06%
204,비금융회사,㈜백학음료,동일인측,동일인측 합계,동일인측 합계,동일인측 합계,7382400,86.06%,0,0.00%,7382400,86.06%
205,비금융회사,㈜백학음료,기타주주,기타,기타,기타,1195600,13.94%,0,0.00%,1195600,13.94%
206,비금융회사,㈜백학음료,㈜백학음료 합계,㈜백학음료 합계,㈜백학음료 합계,㈜백학음료 합계,8578000,100.00%,0,0.00%,8578000,100.00%
207,비금융회사,스위트위드㈜,동일인측,계열회사,,롯데제과㈜,800000,100.00%,0,0.00%,800000,100.00%
208,비금융회사,스위트위드㈜,동일인측,동일인측 합계,동일인측 합계,동일인측 합계,800000,100.00%,0,0.00%,800000,100.00%
209,비금융회사,스위트위드㈜,스위트위드㈜ 합계,스위트위드㈜ 합계,스위트위드㈜ 합계,스위트위드㈜ 합계,800000,100.00%,0,0.00%,800000,100.00%
210,비금융회사,산청음료㈜,동일인측,계열회사,,롯데칠성음료㈜,60000,100.00%,0,0.00%,60000,100.00%
211,비금융회사,산청음료㈜,동일인측,동일인측 합계,동일인측 합계,동일인측 합계,60000,100.00%,0,0.00%,60000,100.00%
212,비금융회사,산청음료㈜,산청음료㈜ 합계,산청음료㈜ 합계,산청음료㈜ 합계,산청음료㈜ 합계,60000,100.00%,0,0.00%,60000,100.00%
213,비금융회사,푸드위드㈜,동일인측,계열회사,,롯데푸드㈜,100000,100.00%,0,0.00%,100000,100.00%
214,비금융회사,푸드위드㈜,동일인측,동일인측 합계,동일인측 합계,동일인측 합계,100000,100.00%,0,0.00%,100000,100.00%
215,비금융회사,푸드위드㈜,푸드위드㈜ 합계,푸드위드㈜ 합계,푸드위드㈜ 합계,푸드위드㈜ 합계,100000,100.00%,0,0.00%,100000,100.00%
216,비금융회사,롯데쇼핑㈜,동일인측,동일인,동일인,신동빈,2783700,9.84%,0,0.00%,2783700,9.84%
217,비금융회사,롯데쇼핑㈜,동일인측,친족,배우자/혈족1촌,신격호,262438,0.93%,0,0.00%,262438,0.93%
218,비금융회사,롯데쇼핑㈜,동일인측,친족,혈족2~4촌,신영자,210174,0.74%,0,0.00%,210174,0.74%
219,비금융회사,롯데쇼핑㈜,동일인측,친족,혈족2~4촌,신동주,133953,0.47%,0,0.00%,133953,0.47%
220,비금융회사,롯데쇼핑㈜,동일인측,친족,혈족2~4촌,신유미,25811,0.09%,0,0.00%,25811,0.09%
221,비금융회사,롯데쇼핑㈜,동일인측,친족,혈족5~6촌,신영우,40,0.00%,0,0.00%,40,0.00%
222,비금융회사,롯데쇼핑㈜,동일인측,친족,인척4촌 이내,박희청,250,0.00%,0,0.00%,250,0.00%
223,비금융회사,롯데쇼핑㈜,동일인측,친족,친족합계,친족합계,632666,2.24%,0,0.00%,632666,2.24%
224,비금융회사,롯데쇼핑㈜,동일인측,비영리법인,,(재)롯데문화재단,1813,0.01%,0,0.00%,1813,0.01%
225,비금융회사,롯데쇼핑㈜,동일인측,비영리법인,,사회복지법인 롯데삼동복지재단,42765,0.15%,0,0.00%,42765,0.15%
226,비금융회사,롯데쇼핑㈜,동일인측,등기된임원,,남창희,129,0.00%,0,0.00%,129,0.00%
227,비금융회사,롯데쇼핑㈜,동일인측,등기된임원,,황각규,58,0.00%,0,0.00%,58,0.00%
228,비금융회사,롯데쇼핑㈜,동일인측,등기된임원,,강희태,364,0.00%,0,0.00%,364,0.00%
229,비금융회사,롯데쇼핑㈜,동일인측,등기된임원,,장호주,220,0.00%,0,0.00%,220,0.00%
230,비금융회사,롯데쇼핑㈜,동일인측,등기된임원,,황범석,150,0.00%,0,0.00%,150,0.00%
231,비금융회사,롯데쇼핑㈜,동일인측,등기된임원,,송정호,771,0.00%,0,0.00%,771,0.00%
232,비금융회사,롯데쇼핑㈜,동일인측,등기된임원,,최영준,80,0.00%,0,0.00%,80,0.00%
233,비금융회사,롯데쇼핑㈜,동일인측,등기된임원,,이진우,70,0.00%,0,0.00%,70,0.00%
234,비금융회사,롯데쇼핑㈜,동일인측,등기된임원,,정원호,38,0.00%,0,0.00%,38,0.00%
235,비금융회사,롯데쇼핑㈜,동일인측,등기된임원,,김동하,30,0.00%,0,0.00%,30,0.00%
236,비금융회사,롯데쇼핑㈜,동일인측,등기된임원,,오일근,41,0.00%,0,0.00%,41,0.00%
237,비금융회사,롯데쇼핑㈜,동일인측,등기된임원,,유형주,63,0.00%,0,0.00%,63,0.00%
238,비금융회사,롯데쇼핑㈜,동일인측,등기된임원,,장학영,6,0.00%,0,0.00%,6,0.00%
239,비금융회사,롯데쇼핑㈜,동일인측,등기된임원,,조석민,40,0.00%,0,0.00%,40,0.00%
240,비금융회사,롯데쇼핑㈜,동일인측,등기된임원,,김두원,80,0.00%,0,0.00%,80,0.00%
241,비금융회사,롯데쇼핑㈜,동일인측,등기된임원,,이갑,75,0.00%,0,0.00%,75,0.00%
242,비금융회사,롯데쇼핑㈜,동일인측,등기된임원,,황용석,14,0.00%,0,0.00%,14,0.00%
243,비금융회사,롯데쇼핑㈜,동일인측,등기된임원,,구성회,45,0.00%,0,0.00%,45,0.00%
244,비금융회사,롯데쇼핑㈜,동일인측,등기된임원,,김상수,111,0.00%,0,0.00%,111,0.00%
245,비금융회사,롯데쇼핑㈜,동일인측,등기된임원,,이형규,44,0.00%,0,0.00%,44,0.00%
246,비금융회사,롯데쇼핑㈜,동일인측,등기된임원,,김종길,100,0.00%,0,0.00%,100,0.00%
247,비금융회사,롯데쇼핑㈜,동일인측,등기된임원,,전형식,146,0.00%,0,0.00%,146,0.00%
248,비금융회사,롯데쇼핑㈜,동일인측,등기된임원,,현종혁,75,0.00%,0,0.00%,75,0.00%
249,비금융회사,롯데쇼핑㈜,동일인측,등기된임원,,심명섭,10,0.00%,0,0.00%,10,0.00%
250,비금융회사,롯데쇼핑㈜,동일인측,등기된임원,,김상우,45,0.00%,0,0.00%,45,0.00%
251,비금융회사,롯데쇼핑㈜,동일인측,등기된임원,,김세호,676,0.00%,0,0.00%,676,0.00%
252,비금융회사,롯데쇼핑㈜,동일인측,등기된임원,,김경봉,17,0.00%,0,0.00%,17,0.00%
253,비금융회사,롯데쇼핑㈜,동일인측,등기된임원,,손명정,9,0.00%,0,0.00%,9,0.00%
254,비금융회사,롯데쇼핑㈜,동일인측,등기된임원,,이호설,133,0.00%,0,0.00%,133,0.00%
255,비금융회사,롯데쇼핑㈜,동일인측,자기주식,,롯데쇼핑㈜,18115,0.06%,0,0.00%,18115,0.06%
256,비금융회사,롯데쇼핑㈜,동일인측,계열회사,,롯데지주㈜,11315503,40.00%,0,0.00%,11315503,40.00%
257,비금융회사,롯데쇼핑㈜,동일인측,계열회사,,㈜호텔롯데,2507158,8.86%,0,0.00%,2507158,8.86%
258,비금융회사,롯데쇼핑㈜,동일인측,계열회사,,㈜부산롯데호텔,220326,0.78%,0,0.00%,220326,0.78%
259,비금융회사,롯데쇼핑㈜,동일인측,동일인측 합계,동일인측 합계,동일인측 합계,17525686,61.95%,0,0.00%,17525686,61.95%
260,비금융회사,롯데쇼핑㈜,기타주주,기타,기타,기타,10763069,38.05%,0,0.00%,10763069,38.05%
261,비금융회사,롯데쇼핑㈜,롯데쇼핑㈜ 합계,롯데쇼핑㈜ 합계,롯데쇼핑㈜ 합계,롯데쇼핑㈜ 합계,28288755,100.00%,0,0.00%,28288755,100.00%
262,비금융회사,롯데역사㈜,동일인측,동일인,동일인,신동빈,314400,8.73%,0,0.00%,314400,8.73%
263,비금융회사,롯데역사㈜,동일인측,친족,혈족2~4촌,신동주,314400,8.73%,0,0.00%,314400,8.73%
264,비금융회사,롯데역사㈜,동일인측,친족,친족합계,친족합계,314400,8.73%,0,0.00%,314400,8.73%
265,비금융회사,롯데역사㈜,동일인측,비영리법인,,(재)롯데장학재단,192000,5.33%,0,0.00%,192000,5.33%
266,비금융회사,롯데역사㈜,동일인측,계열회사,,롯데지주㈜,1603200,44.53%,0,0.00%,1603200,44.53%
267,비금융회사,롯데역사㈜,동일인측,계열회사,,㈜부산롯데호텔,36000,1.00%,0,0.00%,36000,1.00%
268,비금융회사,롯데역사㈜,동일인측,동일인측 합계,동일인측 합계,동일인측 합계,2460000,68.33%,0,0.00%,2460000,68.33%
269,비금융회사,롯데역사㈜,기타주주,기타,기타,기타,1140000,31.67%,0,0.00%,1140000,31.67%
270,비금융회사,롯데역사㈜,롯데역사㈜ 합계,롯데역사㈜ 합계,롯데역사㈜ 합계,롯데역사㈜ 합계,3600000,100.00%,0,0.00%,3600000,100.00%
271,비금융회사,㈜코리아세븐,동일인측,동일인,동일인,신동빈,3242835,8.76%,0,0.00%,3242835,8.76%
272,비금융회사,㈜코리아세븐,동일인측,친족,혈족2~4촌,신영자,894144,2.41%,0,0.00%,894144,2.41%
273,비금융회사,㈜코리아세븐,동일인측,친족,혈족2~4촌,신유미,507174,1.37%,0,0.00%,507174,1.37%
274,비금융회사,㈜코리아세븐,동일인측,친족,친족합계,친족합계,1401318,3.78%,0,0.00%,1401318,3.78%
275,비금융회사,㈜코리아세븐,동일인측,비영리법인,,(재)롯데문화재단,215587,0.58%,0,0.00%,215587,0.58%
276,비금융회사,㈜코리아세븐,동일인측,자기주식,,㈜코리아세븐,1487573,4.02%,0,0.00%,1487573,4.02%
277,비금융회사,㈜코리아세븐,동일인측,계열회사,,롯데지주㈜,29497655,79.66%,0,0.00%,29497655,79.66%
278,비금융회사,㈜코리아세븐,동일인측,동일인측 합계,동일인측 합계,동일인측 합계,35844968,96.80%,0,0.00%,35844968,96.80%
279,비금융회사,㈜코리아세븐,기타주주,기타,기타,기타,1183608,3.20%,0,0.00%,1183608,3.20%
280,비금융회사,㈜코리아세븐,㈜코리아세븐 합계,㈜코리아세븐 합계,㈜코리아세븐 합계,㈜코리아세븐 합계,37028576,100.00%,0,0.00%,37028576,100.00%
281,비금융회사,에프알엘코리아㈜,동일인측,계열회사,,롯데쇼핑㈜,2352000,49.00%,0,0.00%,2352000,49.00%
282,비금융회사,에프알엘코리아㈜,동일인측,동일인측 합계,동일인측 합계,동일인측 합계,2352000,49.00%,0,0.00%,2352000,49.00%
283,비금융회사,에프알엘코리아㈜,기타주주,동일인측이 아닌 최다주주,,"Fast Retailing Co., Ltd.",2448000,51.00%,0,0.00%,2448000,51.00%
284,비금융회사,에프알엘코리아㈜,에프알엘코리아㈜ 합계,에프알엘코리아㈜ 합계,에프알엘코리아㈜ 합계,에프알엘코리아㈜ 합계,4800000,100.00%,0,0.00%,4800000,100.00%
285,비금융회사,㈜우리홈쇼핑,동일인측,계열회사,,롯데쇼핑㈜,4242796,53.03%,0,0.00%,4242796,53.03%
286,비금융회사,㈜우리홈쇼핑,동일인측,동일인측 합계,동일인측 합계,동일인측 합계,4242796,53.03%,0,0.00%,4242796,53.03%
287,비금융회사,㈜우리홈쇼핑,기타주주,기타,기타,기타,3757204,46.97%,0,0.00%,3757204,46.97%
288,비금융회사,㈜우리홈쇼핑,㈜우리홈쇼핑 합계,㈜우리홈쇼핑 합계,㈜우리홈쇼핑 합계,㈜우리홈쇼핑 합계,8000000,100.00%,0,0.00%,8000000,100.00%
289,비금융회사,롯데김해개발㈜,동일인측,계열회사,,롯데쇼핑㈜,60000,100.00%,0,0.00%,60000,100.00%
290,비금융회사,롯데김해개발㈜,동일인측,동일인측 합계,동일인측 합계,동일인측 합계,60000,100.00%,0,0.00%,60000,100.00%
291,비금융회사,롯데김해개발㈜,롯데김해개발㈜ 합계,롯데김해개발㈜ 합계,롯데김해개발㈜ 합계,롯데김해개발㈜ 합계,60000,100.00%,0,0.00%,60000,100.00%
292,비금융회사,롯데수원역쇼핑타운㈜,동일인측,계열회사,,롯데쇼핑㈜,20000000,100.00%,0,0.00%,20000000,100.00%
293,비금융회사,롯데수원역쇼핑타운㈜,동일인측,동일인측 합계,동일인측 합계,동일인측 합계,20000000,100.00%,0,0.00%,20000000,100.00%
294,비금융회사,롯데수원역쇼핑타운㈜,롯데수원역쇼핑타운㈜ 합계,롯데수원역쇼핑타운㈜ 합계,롯데수원역쇼핑타운㈜ 합계,롯데수원역쇼핑타운㈜ 합계,20000000,100.00%,0,0.00%,20000000,100.00%
295,비금융회사,롯데지에프알㈜,동일인측,계열회사,,롯데쇼핑㈜,1713630,99.93%,0,0.00%,1713630,99.93%
296,비금융회사,롯데지에프알㈜,동일인측,동일인측 합계,동일인측 합계,동일인측 합계,1713630,99.93%,0,0.00%,1713630,99.93%
297,비금융회사,롯데지에프알㈜,기타주주,기타,기타,기타,1200,0.07%,0,0.00%,1200,0.07%
298,비금융회사,롯데지에프알㈜,롯데지에프알㈜ 합계,롯데지에프알㈜ 합계,롯데지에프알㈜ 합계,롯데지에프알㈜ 합계,1714830,100.00%,0,0.00%,1714830,100.00%
299,비금융회사,롯데송도쇼핑타운㈜,동일인측,계열회사,,롯데쇼핑㈜,21315667,100.00%,0,0.00%,21315667,100.00%
300,비금융회사,롯데송도쇼핑타운㈜,동일인측,동일인측 합계,동일인측 합계,동일인측 합계,21315667,100.00%,0,0.00%,21315667,100.00%
301,비금융회사,롯데송도쇼핑타운㈜,롯데송도쇼핑타운㈜ 합계,롯데송도쇼핑타운㈜ 합계,롯데송도쇼핑타운㈜ 합계,롯데송도쇼핑타운㈜ 합계,21315667,100.00%,0,0.00%,21315667,100.00%
302,비금융회사,한국에스티엘㈜,동일인측,등기된임원,,카즈마사테라다,1,0.00%,0,0.00%,1,0.00%
303,비금융회사,한국에스티엘㈜,동일인측,계열회사,,롯데쇼핑㈜,1200000,50.00%,0,0.00%,1200000,50.00%
304,비금융회사,한국에스티엘㈜,동일인측,동일인측 합계,동일인측 합계,동일인측 합계,1200001,50.00%,0,0.00%,1200001,50.00%
305,비금융회사,한국에스티엘㈜,기타주주,동일인측이 아닌 최다주주,,사만사타바사 재팬리미티드,1200000,50.00%,0,0.00%,1200000,50.00%
306,비금융회사,한국에스티엘㈜,한국에스티엘㈜ 합계,한국에스티엘㈜ 합계,한국에스티엘㈜ 합계,한국에스티엘㈜ 합계,2400001,100.00%,0,0.00%,2400001,100.00%
307,비금융회사,씨에스유통㈜,동일인측,계열회사,,롯데쇼핑㈜,12761250,99.95%,0,0.00%,12761250,99.95%
308,비금융회사,씨에스유통㈜,동일인측,동일인측 합계,동일인측 합계,동일인측 합계,12761250,99.95%,0,0.00%,12761250,99.95%
309,비금융회사,씨에스유통㈜,기타주주,기타,기타,기타,6600,0.05%,0,0.00%,6600,0.05%
310,비금융회사,씨에스유통㈜,씨에스유통㈜ 합계,씨에스유통㈜ 합계,씨에스유통㈜ 합계,씨에스유통㈜ 합계,12767850,100.00%,0,0.00%,12767850,100.00%
311,비금융회사,롯데하이마트㈜,동일인측,등기된임원,,오성엽,700,0.00%,0,0.00%,700,0.00%
312,비금융회사,롯데하이마트㈜,동일인측,등기된임원,,김진호,300,0.00%,0,0.00%,300,0.00%
313,비금융회사,롯데하이마트㈜,동일인측,등기된임원,,이동우,28000,0.12%,0,0.00%,28000,0.12%
314,비금융회사,롯데하이마트㈜,동일인측,등기된임원,,황영근,300,0.00%,0,0.00%,300,0.00%
315,비금융회사,롯데하이마트㈜,동일인측,등기된임원,,김종길,1000,0.00%,0,0.00%,1000,0.00%
316,비금융회사,롯데하이마트㈜,동일인측,계열회사,,롯데쇼핑㈜,15403274,65.25%,0,0.00%,15403274,65.25%
317,비금융회사,롯데하이마트㈜,동일인측,동일인측 합계,동일인측 합계,동일인측 합계,15433574,65.38%,0,0.00%,15433574,65.38%
318,비금융회사,롯데하이마트㈜,기타주주,기타,기타,기타,8174138,34.62%,0,0.00%,8174138,34.62%
319,비금융회사,롯데하이마트㈜,롯데하이마트㈜ 합계,롯데하이마트㈜ 합계,롯데하이마트㈜ 합계,롯데하이마트㈜ 합계,23607712,100.00%,0,0.00%,23607712,100.00%
320,비금융회사,롯데인천개발㈜,동일인측,계열회사,,롯데쇼핑㈜,20000000,100.00%,0,0.00%,20000000,100.00%
321,비금융회사,롯데인천개발㈜,동일인측,동일인측 합계,동일인측 합계,동일인측 합계,20000000,100.00%,0,0.00%,20000000,100.00%
322,비금융회사,롯데인천개발㈜,롯데인천개발㈜ 합계,롯데인천개발㈜ 합계,롯데인천개발㈜ 합계,롯데인천개발㈜ 합계,20000000,100.00%,0,0.00%,20000000,100.00%
323,비금융회사,롯데인천타운㈜,동일인측,계열회사,,롯데쇼핑㈜,13000000,100.00%,0,0.00%,13000000,100.00%
324,비금융회사,롯데인천타운㈜,동일인측,동일인측 합계,동일인측 합계,동일인측 합계,13000000,100.00%,0,0.00%,13000000,100.00%
325,비금융회사,롯데인천타운㈜,롯데인천타운㈜ 합계,롯데인천타운㈜ 합계,롯데인천타운㈜ 합계,롯데인천타운㈜ 합계,13000000,100.00%,0,0.00%,13000000,100.00%
326,비금융회사,롯데타운동탄㈜,동일인측,계열회사,,롯데쇼핑㈜,7000000,100.00%,0,0.00%,7000000,100.00%
327,비금융회사,롯데타운동탄㈜,동일인측,동일인측 합계,동일인측 합계,동일인측 합계,7000000,100.00%,0,0.00%,7000000,100.00%
328,비금융회사,롯데타운동탄㈜,롯데타운동탄㈜ 합계,롯데타운동탄㈜ 합계,롯데타운동탄㈜ 합계,롯데타운동탄㈜ 합계,7000000,100.00%,0,0.00%,7000000,100.00%
329,비금융회사,롯데울산개발㈜,동일인측,계열회사,,롯데쇼핑㈜,4880000,96.83%,0,0.00%,4880000,96.83%
330,비금융회사,롯데울산개발㈜,동일인측,동일인측 합계,동일인측 합계,동일인측 합계,4880000,96.83%,0,0.00%,4880000,96.83%
331,비금융회사,롯데울산개발㈜,기타주주,기타,기타,기타,160000,3.17%,0,0.00%,160000,3.17%
332,비금융회사,롯데울산개발㈜,롯데울산개발㈜ 합계,롯데울산개발㈜ 합계,롯데울산개발㈜ 합계,롯데울산개발㈜ 합계,5040000,100.00%,0,0.00%,5040000,100.00%
333,비금융회사,롯데컬처웍스㈜,동일인측,계열회사,,롯데쇼핑㈜,48732725,86.37%,0,0.00%,48732725,86.37%
334,비금융회사,롯데컬처웍스㈜,동일인측,동일인측 합계,동일인측 합계,동일인측 합계,48732725,86.37%,0,0.00%,48732725,86.37%
335,비금융회사,롯데컬처웍스㈜,기타주주,기타,기타,기타,7687456,13.63%,0,0.00%,7687456,13.63%
336,비금융회사,롯데컬처웍스㈜,롯데컬처웍스㈜ 합계,롯데컬처웍스㈜ 합계,롯데컬처웍스㈜ 합계,롯데컬처웍스㈜ 합계,56420181,100.00%,0,0.00%,56420181,100.00%
337,비금융회사,롯데디엠씨개발㈜,동일인측,계열회사,,롯데쇼핑㈜,950000,95.00%,0,0.00%,950000,95.00%
338,비금융회사,롯데디엠씨개발㈜,동일인측,동일인측 합계,동일인측 합계,동일인측 합계,950000,95.00%,0,0.00%,950000,95.00%
339,비금융회사,롯데디엠씨개발㈜,기타주주,기타,기타,기타,50000,5.00%,0,0.00%,50000,5.00%
340,비금융회사,롯데디엠씨개발㈜,롯데디엠씨개발㈜ 합계,롯데디엠씨개발㈜ 합계,롯데디엠씨개발㈜ 합계,롯데디엠씨개발㈜ 합계,1000000,100.00%,0,0.00%,1000000,100.00%
341,비금융회사,롯데케미칼㈜,동일인측,동일인,동일인,신동빈,90705,0.26%,0,0.00%,90705,0.26%
342,비금융회사,롯데케미칼㈜,동일인측,친족,혈족5~6촌,신영우,17,0.00%,0,0.00%,17,0.00%
343,비금융회사,롯데케미칼㈜,동일인측,친족,혈족5~6촌,신주현,90,0.00%,0,0.00%,90,0.00%
344,비금융회사,롯데케미칼㈜,동일인측,친족,혈족5~6촌,조현욱,13,0.00%,0,0.00%,13,0.00%
345,비금융회사,롯데케미칼㈜,동일인측,친족,친족합계,친족합계,120,0.00%,0,0.00%,120,0.00%
346,비금융회사,롯데케미칼㈜,동일인측,비영리법인,,(재)롯데문화재단,11495,0.03%,0,0.00%,11495,0.03%
347,비금융회사,롯데케미칼㈜,동일인측,등기된임원,,박인구,6,0.00%,0,0.00%,6,0.00%
348,비금융회사,롯데케미칼㈜,동일인측,등기된임원,,구본욱,18,0.00%,0,0.00%,18,0.00%
349,비금융회사,롯데케미칼㈜,동일인측,등기된임원,,박수성,2,0.00%,0,0.00%,2,0.00%
350,비금융회사,롯데케미칼㈜,동일인측,등기된임원,,현종혁,105,0.00%,0,0.00%,105,0.00%
351,비금융회사,롯데케미칼㈜,동일인측,등기된임원,,김민아,130,0.00%,0,0.00%,130,0.00%
352,비금융회사,롯데케미칼㈜,동일인측,등기된임원,,손명정,7,0.00%,0,0.00%,7,0.00%
353,비금융회사,롯데케미칼㈜,동일인측,계열회사,,롯데지주㈜,8235201,24.03%,0,0.00%,8235201,24.03%
354,비금융회사,롯데케미칼㈜,동일인측,계열회사,,㈜호텔롯데,245351,0.72%,0,0.00%,245351,0.72%
355,비금융회사,롯데케미칼㈜,동일인측,계열회사,,롯데물산㈜,6855084,20.00%,0,0.00%,6855084,20.00%
356,비금융회사,롯데케미칼㈜,동일인측,해외계열,,(주)롯데홀딩스,3186000,9.30%,0,0.00%,3186000,9.30%
357,비금융회사,롯데케미칼㈜,동일인측,동일인측 합계,동일인측 합계,동일인측 합계,18624224,54.34%,0,0.00%,18624224,54.34%
358,비금융회사,롯데케미칼㈜,기타주주,기타,기타,기타,15651195,45.66%,0,0.00%,15651195,45.66%
359,비금융회사,롯데케미칼㈜,롯데케미칼㈜ 합계,롯데케미칼㈜ 합계,롯데케미칼㈜ 합계,롯데케미칼㈜ 합계,34275419,100.00%,0,0.00%,34275419,100.00%
360,비금융회사,㈜케이피켐텍,동일인측,계열회사,,롯데케미칼㈜,22535,100.00%,0,0.00%,22535,100.00%
361,비금융회사,㈜케이피켐텍,동일인측,동일인측 합계,동일인측 합계,동일인측 합계,22535,100.00%,0,0.00%,22535,100.00%
362,비금융회사,㈜케이피켐텍,㈜케이피켐텍 합계,㈜케이피켐텍 합계,㈜케이피켐텍 합계,㈜케이피켐텍 합계,22535,100.00%,0,0.00%,22535,100.00%
363,비금융회사,롯데엠시시㈜,동일인측,계열회사,,롯데케미칼㈜,19000000,50.00%,0,0.00%,19000000,50.00%
364,비금융회사,롯데엠시시㈜,동일인측,동일인측 합계,동일인측 합계,동일인측 합계,19000000,50.00%,0,0.00%,19000000,50.00%
365,비금융회사,롯데엠시시㈜,기타주주,기타,기타,기타,19000000,50.00%,0,0.00%,19000000,50.00%
366,비금융회사,롯데엠시시㈜,롯데엠시시㈜ 합계,롯데엠시시㈜ 합계,롯데엠시시㈜ 합계,롯데엠시시㈜ 합계,38000000,100.00%,0,0.00%,38000000,100.00%
367,비금융회사,삼박엘에프티㈜,동일인측,자기주식,,삼박엘에프티㈜,1190,0.49%,0,0.00%,1190,0.49%
368,비금융회사,삼박엘에프티㈜,동일인측,계열회사,,롯데케미칼㈜,240716,99.51%,0,0.00%,240716,99.51%
369,비금융회사,삼박엘에프티㈜,동일인측,동일인측 합계,동일인측 합계,동일인측 합계,241906,100.00%,0,0.00%,241906,100.00%
370,비금융회사,삼박엘에프티㈜,삼박엘에프티㈜ 합계,삼박엘에프티㈜ 합계,삼박엘에프티㈜ 합계,삼박엘에프티㈜ 합계,241906,100.00%,0,0.00%,241906,100.00%
371,비금융회사,데크항공㈜,동일인측,계열회사,,롯데케미칼㈜,6857114,100.00%,0,0.00%,6857114,100.00%
372,비금융회사,데크항공㈜,동일인측,동일인측 합계,동일인측 합계,동일인측 합계,6857114,100.00%,0,0.00%,6857114,100.00%
373,비금융회사,데크항공㈜,데크항공㈜ 합계,데크항공㈜ 합계,데크항공㈜ 합계,데크항공㈜ 합계,6857114,100.00%,0,0.00%,6857114,100.00%
374,비금융회사,롯데미쓰이화학㈜,동일인측,계열회사,,롯데케미칼㈜,2000000,50.00%,0,0.00%,2000000,50.00%
375,비금융회사,롯데미쓰이화학㈜,동일인측,동일인측 합계,동일인측 합계,동일인측 합계,2000000,50.00%,0,0.00%,2000000,50.00%
376,비금융회사,롯데미쓰이화학㈜,기타주주,기타,기타,기타,2000000,50.00%,0,0.00%,2000000,50.00%
377,비금융회사,롯데미쓰이화학㈜,롯데미쓰이화학㈜ 합계,롯데미쓰이화학㈜ 합계,롯데미쓰이화학㈜ 합계,롯데미쓰이화학㈜ 합계,4000000,100.00%,0,0.00%,4000000,100.00%
378,비금융회사,롯데베르살리스엘라스토머스㈜,동일인측,계열회사,,롯데케미칼㈜,50180001,50.00%,0,0.00%,50180001,50.00%
379,비금융회사,롯데베르살리스엘라스토머스㈜,동일인측,동일인측 합계,동일인측 합계,동일인측 합계,50180001,50.00%,0,0.00%,50180001,50.00%
380,비금융회사,롯데베르살리스엘라스토머스㈜,기타주주,기타,기타,기타,50179999,50.00%,0,0.00%,50179999,50.00%
381,비금융회사,롯데베르살리스엘라스토머스㈜,롯데베르살리스엘라스토머스㈜ 합계,롯데베르살리스엘라스토머스㈜ 합계,롯데베르살리스엘라스토머스㈜ 합계,롯데베르살리스엘라스토머스㈜ 합계,100360000,100.00%,0,0.00%,100360000,100.00%
382,비금융회사,롯데정밀화학㈜,동일인측,등기된임원,,강상호,10,0.00%,0,0.00%,10,0.00%
383,비금융회사,롯데정밀화학㈜,동일인측,등기된임원,,김종길,100,0.00%,0,0.00%,100,0.00%
384,비금융회사,롯데정밀화학㈜,동일인측,자기주식,,롯데정밀화학㈜,330000,1.28%,0,0.00%,330000,1.28%
385,비금융회사,롯데정밀화학㈜,동일인측,계열회사,,롯데케미칼㈜,8031190,31.13%,0,0.00%,8031190,31.13%
386,비금융회사,롯데정밀화학㈜,동일인측,동일인측 합계,동일인측 합계,동일인측 합계,8361300,32.41%,0,0.00%,8361300,32.41%
387,비금융회사,롯데정밀화학㈜,기타주주,기타,기타,기타,17438700,67.59%,0,0.00%,17438700,67.59%
388,비금융회사,롯데정밀화학㈜,롯데정밀화학㈜ 합계,롯데정밀화학㈜ 합계,롯데정밀화학㈜ 합계,롯데정밀화학㈜ 합계,25800000,100.00%,0,0.00%,25800000,100.00%
389,비금융회사,한덕화학㈜,동일인측,계열회사,,롯데정밀화학㈜,225000,50.00%,0,0.00%,225000,50.00%
390,비금융회사,한덕화학㈜,동일인측,동일인측 합계,동일인측 합계,동일인측 합계,225000,50.00%,0,0.00%,225000,50.00%
391,비금융회사,한덕화학㈜,기타주주,기타,기타,기타,225000,50.00%,0,0.00%,225000,50.00%
392,비금융회사,한덕화학㈜,한덕화학㈜ 합계,한덕화학㈜ 합계,한덕화학㈜ 합계,한덕화학㈜ 합계,450000,100.00%,0,0.00%,450000,100.00%
393,비금융회사,롯데지에스화학㈜,동일인측,계열회사,,롯데케미칼㈜,7140000,51.00%,0,0.00%,7140000,51.00%
394,비금융회사,롯데지에스화학㈜,동일인측,동일인측 합계,동일인측 합계,동일인측 합계,7140000,51.00%,0,0.00%,7140000,51.00%
395,비금융회사,롯데지에스화학㈜,기타주주,기타,기타,기타,6860000,49.00%,0,0.00%,6860000,49.00%
396,비금융회사,롯데지에스화학㈜,롯데지에스화학㈜ 합계,롯데지에스화학㈜ 합계,롯데지에스화학㈜ 합계,롯데지에스화학㈜ 합계,14000000,100.00%,0,0.00%,14000000,100.00%
397,비금융회사,한국후지필름㈜,동일인측,동일인,동일인,신동빈,2051,9.79%,0,0.00%,2051,9.79%
398,비금융회사,한국후지필름㈜,동일인측,친족,혈족2~4촌,신영자,736,3.51%,0,0.00%,736,3.51%
399,비금융회사,한국후지필름㈜,동일인측,친족,친족합계,친족합계,736,3.51%,0,0.00%,736,3.51%
400,비금융회사,한국후지필름㈜,동일인측,자기주식,,한국후지필름㈜,5,0.02%,0,0.00%,5,0.02%
401,비금융회사,한국후지필름㈜,동일인측,계열회사,,롯데지주㈜,15943,76.09%,0,0.00%,15943,76.09%
402,비금융회사,한국후지필름㈜,동일인측,계열회사,,㈜호텔롯데,1676,8.00%,0,0.00%,1676,8.00%
403,비금융회사,한국후지필름㈜,동일인측,계열회사,,롯데알미늄㈜,543,2.59%,0,0.00%,543,2.59%
404,비금융회사,한국후지필름㈜,동일인측,동일인측 합계,동일인측 합계,동일인측 합계,20954,100.00%,0,0.00%,20954,100.00%
405,비금융회사,한국후지필름㈜,한국후지필름㈜ 합계,한국후지필름㈜ 합계,한국후지필름㈜ 합계,한국후지필름㈜ 합계,20954,100.00%,0,0.00%,20954,100.00%
406,비금융회사,롯데알미늄㈜,동일인측,친족,혈족2~4촌,신영자,1315,0.13%,0,0.00%,1315,0.13%
407,비금융회사,롯데알미늄㈜,동일인측,친족,친족합계,친족합계,1315,0.13%,0,0.00%,1315,0.13%
408,비금융회사,롯데알미늄㈜,동일인측,계열회사,,㈜호텔롯데,396765,38.23%,0,0.00%,396765,38.23%
409,비금융회사,롯데알미늄㈜,동일인측,계열회사,,㈜부산롯데호텔,40346,3.89%,0,0.00%,40346,3.89%
410,비금융회사,롯데알미늄㈜,동일인측,해외계열,,(주)광윤사,237040,22.84%,0,0.00%,237040,22.84%
411,비금융회사,롯데알미늄㈜,동일인측,해외계열,,L제2투자회사,362374,34.92%,0,0.00%,362374,34.92%
412,비금융회사,롯데알미늄㈜,동일인측,동일인측 합계,동일인측 합계,동일인측 합계,1037840,100.00%,0,0.00%,1037840,100.00%
413,비금융회사,롯데알미늄㈜,롯데알미늄㈜ 합계,롯데알미늄㈜ 합계,롯데알미늄㈜ 합계,롯데알미늄㈜ 합계,1037840,100.00%,0,0.00%,1037840,100.00%
414,비금융회사,캐논코리아비즈니스솔루션㈜,동일인측,계열회사,,롯데지주㈜,892500,50.00%,0,0.00%,892500,50.00%
415,비금융회사,캐논코리아비즈니스솔루션㈜,동일인측,동일인측 합계,동일인측 합계,동일인측 합계,892500,50.00%,0,0.00%,892500,50.00%
416,비금융회사,캐논코리아비즈니스솔루션㈜,기타주주,동일인측이 아닌 최다주주,,일본법인캐논㈜,892500,50.00%,0,0.00%,892500,50.00%
417,비금융회사,캐논코리아비즈니스솔루션㈜,캐논코리아비즈니스솔루션㈜ 합계,캐논코리아비즈니스솔루션㈜ 합계,캐논코리아비즈니스솔루션㈜ 합계,캐논코리아비즈니스솔루션㈜ 합계,1785000,100.00%,0,0.00%,1785000,100.00%
418,비금융회사,㈜엔젤위드,동일인측,계열회사,,캐논코리아비즈니스솔루션㈜,10000,100.00%,0,0.00%,10000,100.00%
419,비금융회사,㈜엔젤위드,동일인측,동일인측 합계,동일인측 합계,동일인측 합계,10000,100.00%,0,0.00%,10000,100.00%
420,비금융회사,㈜엔젤위드,㈜엔젤위드 합계,㈜엔젤위드 합계,㈜엔젤위드 합계,㈜엔젤위드 합계,10000,100.00%,0,0.00%,10000,100.00%
421,비금융회사,롯데건설㈜,동일인측,동일인,동일인,신동빈,188660,0.59%,0,0.00%,188660,0.59%
422,비금융회사,롯데건설㈜,동일인측,친족,혈족2~4촌,신영자,46014,0.14%,0,0.00%,46014,0.14%
423,비금융회사,롯데건설㈜,동일인측,친족,혈족2~4촌,신동주,120557,0.37%,0,0.00%,120557,0.37%
424,비금융회사,롯데건설㈜,동일인측,친족,친족합계,친족합계,166571,0.52%,0,0.00%,166571,0.52%
425,비금융회사,롯데건설㈜,동일인측,계열회사,,㈜호텔롯데,13858158,43.07%,0,0.00%,13858158,43.07%
426,비금융회사,롯데건설㈜,동일인측,계열회사,,롯데케미칼㈜,14090111,43.79%,0,0.00%,14090111,43.79%
427,비금융회사,롯데건설㈜,동일인측,계열회사,,롯데알미늄㈜,3202442,9.95%,0,0.00%,3202442,9.95%
428,비금융회사,롯데건설㈜,동일인측,해외계열,,(주)롯데홀딩스,538497,1.67%,0,0.00%,538497,1.67%
429,비금융회사,롯데건설㈜,동일인측,동일인측 합계,동일인측 합계,동일인측 합계,32044439,99.59%,0,0.00%,32044439,99.59%
430,비금융회사,롯데건설㈜,기타주주,기타,기타,기타,132971,0.41%,0,0.00%,132971,0.41%
431,비금융회사,롯데건설㈜,롯데건설㈜ 합계,롯데건설㈜ 합계,롯데건설㈜ 합계,롯데건설㈜ 합계,32177410,100.00%,0,0.00%,32177410,100.00%
432,비금융회사,내포그린에너지㈜,동일인측,계열회사,,롯데건설㈜,5840000,41.67%,0,0.00%,5840000,41.67%
433,비금융회사,내포그린에너지㈜,동일인측,동일인측 합계,동일인측 합계,동일인측 합계,5840000,41.67%,0,0.00%,5840000,41.67%
434,비금융회사,내포그린에너지㈜,기타주주,동일인측이 아닌 최다주주,,한국남부발전(주),5840000,41.67%,0,0.00%,5840000,41.67%
435,비금융회사,내포그린에너지㈜,기타주주,기타,기타,기타,2336001,16.67%,0,0.00%,2336001,16.67%
436,비금융회사,내포그린에너지㈜,내포그린에너지㈜ 합계,내포그린에너지㈜ 합계,내포그린에너지㈜ 합계,내포그린에너지㈜ 합계,14016001,100.00%,0,0.00%,14016001,100.00%
437,비금융회사,롯데멤버스㈜,동일인측,동일인,동일인,신동빈,6687,0.27%,0,0.00%,6687,0.27%
438,비금융회사,롯데멤버스㈜,동일인측,친족,혈족2~4촌,신영자,4194,0.17%,0,0.00%,4194,0.17%
439,비금융회사,롯데멤버스㈜,동일인측,친족,혈족2~4촌,신동주,1534,0.06%,0,0.00%,1534,0.06%
440,비금융회사,롯데멤버스㈜,동일인측,친족,친족합계,친족합계,5728,0.23%,0,0.00%,5728,0.23%
441,비금융회사,롯데멤버스㈜,동일인측,자기주식,,롯데멤버스㈜,4,0.00%,0,0.00%,4,0.00%
442,비금융회사,롯데멤버스㈜,동일인측,계열회사,,롯데지주㈜,2311510,93.88%,0,0.00%,2311510,93.88%
443,비금융회사,롯데멤버스㈜,동일인측,계열회사,,㈜부산롯데호텔,25151,1.02%,0,0.00%,25151,1.02%
444,비금융회사,롯데멤버스㈜,동일인측,계열회사,,롯데캐피탈㈜,113162,4.60%,0,0.00%,113162,4.60%
445,비금융회사,롯데멤버스㈜,동일인측,동일인측 합계,동일인측 합계,동일인측 합계,2462242,100.00%,0,0.00%,2462242,100.00%
446,비금융회사,롯데멤버스㈜,롯데멤버스㈜ 합계,롯데멤버스㈜ 합계,롯데멤버스㈜ 합계,롯데멤버스㈜ 합계,2462242,100.00%,0,0.00%,2462242,100.00%
447,비금융회사,롯데상사㈜,동일인측,동일인,동일인,신동빈,16549,8.01%,0,0.00%,16549,8.01%
448,비금융회사,롯데상사㈜,동일인측,친족,혈족2~4촌,신영자,2753,1.33%,0,0.00%,2753,1.33%
449,비금융회사,롯데상사㈜,동일인측,친족,친족합계,친족합계,2753,1.33%,0,0.00%,2753,1.33%
450,비금융회사,롯데상사㈜,동일인측,비영리법인,,(재)롯데문화재단,790,0.38%,0,0.00%,790,0.38%
451,비금융회사,롯데상사㈜,동일인측,자기주식,,롯데상사㈜,16586,8.03%,0,0.00%,16586,8.03%
452,비금융회사,롯데상사㈜,동일인측,계열회사,,롯데지주㈜,85442,41.37%,0,0.00%,85442,41.37%
453,비금융회사,롯데상사㈜,동일인측,계열회사,,㈜호텔롯데,71539,34.64%,0,0.00%,71539,34.64%
454,비금융회사,롯데상사㈜,동일인측,계열회사,,롯데알미늄㈜,12883,6.24%,0,0.00%,12883,6.24%
455,비금융회사,롯데상사㈜,동일인측,동일인측 합계,동일인측 합계,동일인측 합계,206542,100.00%,0,0.00%,206542,100.00%
456,비금융회사,롯데상사㈜,롯데상사㈜ 합계,롯데상사㈜ 합계,롯데상사㈜ 합계,롯데상사㈜ 합계,206542,100.00%,0,0.00%,206542,100.00%
457,비금융회사,롯데글로벌로지스㈜,동일인측,등기된임원,,남도기,603,0.00%,0,0.00%,603,0.00%
458,비금융회사,롯데글로벌로지스㈜,동일인측,자기주식,,롯데글로벌로지스㈜,4680,0.01%,0,0.00%,4680,0.01%
459,비금융회사,롯데글로벌로지스㈜,동일인측,계열회사,,롯데지주㈜,15236018,44.59%,0,0.00%,15236018,44.59%
460,비금융회사,롯데글로벌로지스㈜,동일인측,계열회사,,㈜호텔롯데,3714255,10.87%,0,0.00%,3714255,10.87%
461,비금융회사,롯데글로벌로지스㈜,동일인측,계열회사,,롯데케미칼㈜,495732,1.45%,0,0.00%,495732,1.45%
462,비금융회사,롯데글로벌로지스㈜,동일인측,해외계열,,L제2투자회사,4844729,14.18%,0,0.00%,4844729,14.18%
463,비금융회사,롯데글로벌로지스㈜,동일인측,동일인측 합계,동일인측 합계,동일인측 합계,24296017,71.10%,0,0.00%,24296017,71.10%
464,비금융회사,롯데글로벌로지스㈜,기타주주,동일인측이 아닌 최다주주,,엘엘에이치(유),7472161,21.87%,0,0.00%,7472161,21.87%
465,비금융회사,롯데글로벌로지스㈜,기타주주,기타,기타,기타,2403827,7.03%,0,0.00%,2403827,7.03%
466,비금융회사,롯데글로벌로지스㈜,롯데글로벌로지스㈜ 합계,롯데글로벌로지스㈜ 합계,롯데글로벌로지스㈜ 합계,롯데글로벌로지스㈜ 합계,34172005,100.00%,0,0.00%,34172005,100.00%
467,비금융회사,롯데코스코쉬핑로지스㈜,동일인측,계열회사,,롯데글로벌로지스㈜,510000,51.00%,0,0.00%,510000,51.00%
468,비금융회사,롯데코스코쉬핑로지스㈜,동일인측,동일인측 합계,동일인측 합계,동일인측 합계,510000,51.00%,0,0.00%,510000,51.00%
469,비금융회사,롯데코스코쉬핑로지스㈜,기타주주,기타,기타,기타,490000,49.00%,0,0.00%,490000,49.00%
470,비금융회사,롯데코스코쉬핑로지스㈜,롯데코스코쉬핑로지스㈜ 합계,롯데코스코쉬핑로지스㈜ 합계,롯데코스코쉬핑로지스㈜ 합계,롯데코스코쉬핑로지스㈜ 합계,1000000,100.00%,0,0.00%,1000000,100.00%
471,비금융회사,롯데렌탈㈜,동일인측,계열회사,,㈜호텔롯데,3021454,25.67%,0,0.00%,3021454,25.67%
472,비금융회사,롯데렌탈㈜,동일인측,계열회사,,㈜부산롯데호텔,2286456,19.43%,0,0.00%,2286456,19.43%
473,비금융회사,롯데렌탈㈜,동일인측,동일인측 합계,동일인측 합계,동일인측 합계,5307910,45.10%,0,0.00%,5307910,45.10%
474,비금융회사,롯데렌탈㈜,기타주주,기타,기타,기타,6461290,54.90%,0,0.00%,6461290,54.90%
475,비금융회사,롯데렌탈㈜,롯데렌탈㈜ 합계,롯데렌탈㈜ 합계,롯데렌탈㈜ 합계,롯데렌탈㈜ 합계,11769200,100.00%,0,0.00%,11769200,100.00%
476,비금융회사,제이지산업㈜,동일인측,계열회사,,롯데렌탈㈜,2000,100.00%,0,0.00%,2000,100.00%
477,비금융회사,제이지산업㈜,동일인측,동일인측 합계,동일인측 합계,동일인측 합계,2000,100.00%,0,0.00%,2000,100.00%
478,비금융회사,제이지산업㈜,제이지산업㈜ 합계,제이지산업㈜ 합계,제이지산업㈜ 합계,제이지산업㈜ 합계,2000,100.00%,0,0.00%,2000,100.00%
479,비금융회사,롯데오토케어㈜,동일인측,계열회사,,롯데렌탈㈜,200000,100.00%,0,0.00%,200000,100.00%
480,비금융회사,롯데오토케어㈜,동일인측,동일인측 합계,동일인측 합계,동일인측 합계,200000,100.00%,0,0.00%,200000,100.00%
481,비금융회사,롯데오토케어㈜,롯데오토케어㈜ 합계,롯데오토케어㈜ 합계,롯데오토케어㈜ 합계,롯데오토케어㈜ 합계,200000,100.00%,0,0.00%,200000,100.00%
482,비금융회사,㈜그린카,동일인측,계열회사,,롯데렌탈㈜,425940,84.71%,0,0.00%,425940,84.71%
483,비금융회사,㈜그린카,동일인측,동일인측 합계,동일인측 합계,동일인측 합계,425940,84.71%,0,0.00%,425940,84.71%
484,비금융회사,㈜그린카,기타주주,기타,기타,기타,76906,15.29%,0,0.00%,76906,15.29%
485,비금융회사,㈜그린카,㈜그린카 합계,㈜그린카 합계,㈜그린카 합계,㈜그린카 합계,502846,100.00%,0,0.00%,502846,100.00%
486,비금융회사,㈜이지고,동일인측,계열회사,,롯데글로벌로지스㈜,40000,40.00%,0,0.00%,40000,40.00%
487,비금융회사,㈜이지고,동일인측,동일인측 합계,동일인측 합계,동일인측 합계,40000,40.00%,0,0.00%,40000,40.00%
488,비금융회사,㈜이지고,기타주주,동일인측이 아닌 최다주주,,(주)델레오코리아,40000,40.00%,0,0.00%,40000,40.00%
489,비금융회사,㈜이지고,기타주주,기타,기타,기타,20000,20.00%,0,0.00%,20000,20.00%
490,비금융회사,㈜이지고,㈜이지고 합계,㈜이지고 합계,㈜이지고 합계,㈜이지고 합계,100000,100.00%,0,0.00%,100000,100.00%
491,비금융회사,롯데정보통신㈜,동일인측,등기된임원,,마용득,3141,0.02%,0,0.00%,3141,0.02%
492,비금융회사,롯데정보통신㈜,동일인측,등기된임원,,오광우,1297,0.01%,0,0.00%,1297,0.01%
493,비금융회사,롯데정보통신㈜,동일인측,등기된임원,,노준형,1842,0.01%,0,0.00%,1842,0.01%
494,비금융회사,롯데정보통신㈜,동일인측,등기된임원,,정호석,3400,0.02%,0,0.00%,3400,0.02%
495,비금융회사,롯데정보통신㈜,동일인측,등기된임원,,이동진,2,0.00%,0,0.00%,2,0.00%
496,비금융회사,롯데정보통신㈜,동일인측,등기된임원,,정찬우,215,0.00%,0,0.00%,215,0.00%
497,비금융회사,롯데정보통신㈜,동일인측,등기된임원,,모영문,92,0.00%,0,0.00%,92,0.00%
498,비금융회사,롯데정보통신㈜,동일인측,등기된임원,,이호우,1130,0.01%,0,0.00%,1130,0.01%
499,비금융회사,롯데정보통신㈜,동일인측,자기주식,,롯데정보통신㈜,266964,1.73%,0,0.00%,266964,1.73%
500,비금융회사,롯데정보통신㈜,동일인측,계열회사,,롯데지주㈜,10000000,64.95%,0,0.00%,10000000,64.95%
501,비금융회사,롯데정보통신㈜,동일인측,동일인측 합계,동일인측 합계,동일인측 합계,10278083,66.76%,0,0.00%,10278083,66.76%
502,비금융회사,롯데정보통신㈜,기타주주,기타,기타,기타,5118248,33.24%,0,0.00%,5118248,33.24%
503,비금융회사,롯데정보통신㈜,롯데정보통신㈜ 합계,롯데정보통신㈜ 합계,롯데정보통신㈜ 합계,롯데정보통신㈜ 합계,15396331,100.00%,0,0.00%,15396331,100.00%
504,비금융회사,㈜대홍기획,동일인측,친족,혈족2~4촌,신영자,261,6.24%,0,0.00%,261,6.24%
505,비금융회사,㈜대홍기획,동일인측,친족,친족합계,친족합계,261,6.24%,0,0.00%,261,6.24%
506,비금융회사,㈜대홍기획,동일인측,비영리법인,,(재)롯데장학재단,209,4.99%,0,0.00%,209,4.99%
507,비금융회사,㈜대홍기획,동일인측,자기주식,,㈜대홍기획,2,0.05%,0,0.00%,2,0.05%
508,비금융회사,㈜대홍기획,동일인측,계열회사,,롯데지주㈜,2875,68.70%,0,0.00%,2875,68.70%
509,비금융회사,㈜대홍기획,동일인측,계열회사,,㈜호텔롯데,838,20.02%,0,0.00%,838,20.02%
510,비금융회사,㈜대홍기획,동일인측,동일인측 합계,동일인측 합계,동일인측 합계,4185,100.00%,0,0.00%,4185,100.00%
511,비금융회사,㈜대홍기획,㈜대홍기획 합계,㈜대홍기획 합계,㈜대홍기획 합계,㈜대홍기획 합계,4185,100.00%,0,0.00%,4185,100.00%
512,비금융회사,㈜모비쟆미디어,동일인측,계열회사,,㈜대홍기획,70000,70.00%,0,0.00%,70000,70.00%
513,비금융회사,㈜모비쟆미디어,동일인측,동일인측 합계,동일인측 합계,동일인측 합계,70000,70.00%,0,0.00%,70000,70.00%
514,비금융회사,㈜모비쟆미디어,기타주주,기타,기타,(주)칼라짚코리아,30000,30.00%,0,0.00%,30000,30.00%
515,비금융회사,㈜모비쟆미디어,㈜모비쟆미디어 합계,㈜모비쟆미디어 합계,㈜모비쟆미디어 합계,㈜모비쟆미디어 합계,100000,100.00%,0,0.00%,100000,100.00%
516,비금융회사,㈜엠허브,동일인측,계열회사,,㈜대홍기획,400600,99.90%,0,0.00%,400600,99.90%
517,비금융회사,㈜엠허브,동일인측,동일인측 합계,동일인측 합계,동일인측 합계,400600,99.90%,0,0.00%,400600,99.90%
518,비금융회사,㈜엠허브,기타주주,기타,기타,기타,400,0.10%,0,0.00%,400,0.10%
519,비금융회사,㈜엠허브,㈜엠허브 합계,㈜엠허브 합계,㈜엠허브 합계,㈜엠허브 합계,401000,100.00%,0,0.00%,401000,100.00%
520,비금융회사,롯데미래전략연구소㈜,동일인측,계열회사,,롯데지주㈜,2000000,100.00%,0,0.00%,2000000,100.00%
521,비금융회사,롯데미래전략연구소㈜,동일인측,동일인측 합계,동일인측 합계,동일인측 합계,2000000,100.00%,0,0.00%,2000000,100.00%
522,비금융회사,롯데미래전략연구소㈜,롯데미래전략연구소㈜ 합계,롯데미래전략연구소㈜ 합계,롯데미래전략연구소㈜ 합계,롯데미래전략연구소㈜ 합계,2000000,100.00%,0,0.00%,2000000,100.00%
523,비금융회사,㈜롯데자이언츠,동일인측,계열회사,,롯데지주㈜,5719000,95.00%,0,0.00%,5719000,95.00%
524,비금융회사,㈜롯데자이언츠,동일인측,계열회사,,롯데알미늄㈜,301000,5.00%,0,0.00%,301000,5.00%
525,비금융회사,㈜롯데자이언츠,동일인측,동일인측 합계,동일인측 합계,동일인측 합계,6020000,100.00%,0,0.00%,6020000,100.00%
526,비금융회사,㈜롯데자이언츠,㈜롯데자이언츠 합계,㈜롯데자이언츠 합계,㈜롯데자이언츠 합계,㈜롯데자이언츠 합계,6020000,100.00%,0,0.00%,6020000,100.00%
527,비금융회사,㈜씨텍,동일인측,계열회사,,롯데케미칼㈜,3325680,50.00%,0,0.00%,3325680,50.00%
528,비금융회사,㈜씨텍,동일인측,동일인측 합계,동일인측 합계,동일인측 합계,3325680,50.00%,0,0.00%,3325680,50.00%
529,비금융회사,㈜씨텍,기타주주,동일인측이 아닌 최다주주,,(주)LG화학,3325680,50.00%,0,0.00%,3325680,50.00%
530,비금융회사,㈜씨텍,㈜씨텍 합계,㈜씨텍 합계,㈜씨텍 합계,㈜씨텍 합계,6651360,100.00%,0,0.00%,6651360,100.00%
531,비금융회사,롯데제이티비㈜,동일인측,계열회사,,롯데쇼핑㈜,4400000,50.00%,0,0.00%,4400000,50.00%
532,비금융회사,롯데제이티비㈜,동일인측,동일인측 합계,동일인측 합계,동일인측 합계,4400000,50.00%,0,0.00%,4400000,50.00%
533,비금융회사,롯데제이티비㈜,기타주주,동일인측이 아닌 최다주주,,(주)JTB,4400000,50.00%,0,0.00%,4400000,50.00%
534,비금융회사,롯데제이티비㈜,롯데제이티비㈜ 합계,롯데제이티비㈜ 합계,롯데제이티비㈜ 합계,롯데제이티비㈜ 합계,8800000,100.00%,0,0.00%,8800000,100.00%
535,비금융회사,롯데자산개발㈜,동일인측,계열회사,,롯데지주㈜,24372719,60.47%,0,0.00%,24372719,60.47%
536,비금융회사,롯데자산개발㈜,동일인측,계열회사,,㈜호텔롯데,2896038,7.19%,0,0.00%,2896038,7.19%
537,비금융회사,롯데자산개발㈜,동일인측,계열회사,,롯데물산㈜,13033478,32.34%,0,0.00%,13033478,32.34%
538,비금융회사,롯데자산개발㈜,동일인측,동일인측 합계,동일인측 합계,동일인측 합계,40302235,100.00%,0,0.00%,40302235,100.00%
539,비금융회사,롯데자산개발㈜,롯데자산개발㈜ 합계,롯데자산개발㈜ 합계,롯데자산개발㈜ 합계,롯데자산개발㈜ 합계,40302235,100.00%,0,0.00%,40302235,100.00%
540,비금융회사,마곡지구피에프브이㈜,동일인측,계열회사,,롯데자산개발㈜,275000,100.00%,0,0.00%,275000,100.00%
541,비금융회사,마곡지구피에프브이㈜,동일인측,동일인측 합계,동일인측 합계,동일인측 합계,275000,100.00%,0,0.00%,275000,100.00%
542,비금융회사,마곡지구피에프브이㈜,마곡지구피에프브이㈜ 합계,마곡지구피에프브이㈜ 합계,마곡지구피에프브이㈜ 합계,마곡지구피에프브이㈜ 합계,275000,100.00%,0,0.00%,275000,100.00%
543,비금융회사,은평피에프브이㈜,동일인측,계열회사,,롯데자산개발㈜,1740000,100.00%,260000,100.00%,2000000,100.00%
544,비금융회사,은평피에프브이㈜,동일인측,동일인측 합계,동일인측 합계,동일인측 합계,1740000,100.00%,260000,100.00%,2000000,100.00%
545,비금융회사,은평피에프브이㈜,은평피에프브이㈜ 합계,은평피에프브이㈜ 합계,은평피에프브이㈜ 합계,은평피에프브이㈜ 합계,1740000,100.00%,260000,100.00%,2000000,100.00%
546,비금융회사,롯데쇼핑타운대구㈜,동일인측,계열회사,,롯데자산개발㈜,4000000,100.00%,0,0.00%,4000000,100.00%
547,비금융회사,롯데쇼핑타운대구㈜,동일인측,동일인측 합계,동일인측 합계,동일인측 합계,4000000,100.00%,0,0.00%,4000000,100.00%
548,비금융회사,롯데쇼핑타운대구㈜,롯데쇼핑타운대구㈜ 합계,롯데쇼핑타운대구㈜ 합계,롯데쇼핑타운대구㈜ 합계,롯데쇼핑타운대구㈜ 합계,4000000,100.00%,0,0.00%,4000000,100.00%
549,비금융회사,거제피에프브이㈜,동일인측,계열회사,,롯데자산개발㈜,475000,100.00%,0,0.00%,475000,95.00%
550,비금융회사,거제피에프브이㈜,동일인측,동일인측 합계,동일인측 합계,동일인측 합계,475000,100.00%,0,0.00%,475000,95.00%
551,비금융회사,거제피에프브이㈜,기타주주,기타,기타,기타,0,0.00%,25000,100.00%,25000,5.00%
552,비금융회사,거제피에프브이㈜,거제피에프브이㈜ 합계,거제피에프브이㈜ 합계,거제피에프브이㈜ 합계,거제피에프브이㈜ 합계,475000,100.00%,25000,100.00%,500000,100.00%
553,비금융회사,롯데에이엠씨㈜,동일인측,계열회사,,롯데지주㈜,2000000,100.00%,0,0.00%,2000000,100.00%
554,비금융회사,롯데에이엠씨㈜,동일인측,동일인측 합계,동일인측 합계,동일인측 합계,2000000,100.00%,0,0.00%,2000000,100.00%
555,비금융회사,롯데에이엠씨㈜,롯데에이엠씨㈜ 합계,롯데에이엠씨㈜ 합계,롯데에이엠씨㈜ 합계,롯데에이엠씨㈜ 합계,2000000,100.00%,0,0.00%,2000000,100.00%
556,비금융회사,롯데위탁관리부동산투자회사㈜,동일인측,계열회사,,롯데쇼핑㈜,85984442,50.00%,0,0.00%,85984442,50.00%
557,비금융회사,롯데위탁관리부동산투자회사㈜,동일인측,동일인측 합계,동일인측 합계,동일인측 합계,85984442,50.00%,0,0.00%,85984442,50.00%
558,비금융회사,롯데위탁관리부동산투자회사㈜,기타주주,기타,기타,기타,85984442,50.00%,0,0.00%,85984442,50.00%
559,비금융회사,롯데위탁관리부동산투자회사㈜,롯데위탁관리부동산투자회사㈜ 합계,롯데위탁관리부동산투자회사㈜ 합계,롯데위탁관리부동산투자회사㈜ 합계,롯데위탁관리부동산투자회사㈜ 합계,171968884,100.00%,0,0.00%,171968884,100.00%
560,비금융회사,서울복합물류자산관리(주),동일인측,계열회사,,롯데글로벌로지스㈜,37550,37.55%,-,-,37550,37.55%
561,비금융회사,서울복합물류자산관리(주),동일인측,동일인측 합계,동일인측 합계,동일인측 합계,37550,37.55%,-,-,37550,37.55%
562,비금융회사,서울복합물류자산관리(주),기타주주,동일인측이 아닌 최다주주,동일인측이 아닌 최다주주,㈜한진,37550,37.55%,-,-,37550,37.55%
563,비금융회사,서울복합물류자산관리(주),,기타,기타,기타,24900,24.90%,-,-,24900,24.90%
564,비금융회사,서울복합물류자산관리(주),서울복합물류자산관리(주) 합계,서울복합물류자산관리(주) 합계,서울복합물류자산관리(주) 합계,서울복합물류자산관리(주) 합계,100000,100%,-,-,100000,100%
565,비금융회사,서울복합물류프로젝트금융투자(주),동일인측,계열회사,,롯데글로벌로지스㈜,3755000,37.55%,-,-,3755000,37.55%
566,비금융회사,서울복합물류프로젝트금융투자(주),동일인측,동일인측 합계,동일인측 합계,동일인측 합계,3755000,37.55%,-,-,3755000,37.55%
567,비금융회사,서울복합물류프로젝트금융투자(주),기타주주,동일인측이 아닌 최다주주,동일인측이 아닌 최다주주,㈜한진,3755000,37.55%,-,-,3755000,37.55%
568,비금융회사,서울복합물류프로젝트금융투자(주),,기타,기타,기타,2490000,24.90%,-,-,2490000,24.90%
569,비금융회사,서울복합물류프로젝트금융투자(주),서울복합물류프로젝트금융투자(주) 합계,서울복합물류프로젝트금융투자(주) 합계,서울복합물류프로젝트금융투자(주) 합계,서울복합물류프로젝트금융투자(주) 합계,10000000,100%,-,-,10000000,100%
570,비금융회사,(주)에스앤에스인터내셔날,동일인측,친족,혈족 2촌~4촌,신영자,55000,55.00%,0,0.00%,55000,55.00%
571,비금융회사,(주)에스앤에스인터내셔날,동일인측,친족,혈족 2촌~4촌,장혜선,15000,15.00%,0,0.00%,15000,15.00%
572,비금융회사,(주)에스앤에스인터내셔날,동일인측,친족,혈족 2촌~4촌,장선윤,15000,15.00%,0,0.00%,15000,15.00%
573,비금융회사,(주)에스앤에스인터내셔날,동일인측,친족,혈족 2촌~4촌,장정안,15000,15.00%,0,0.00%,15000,15.00%
574,비금융회사,(주)에스앤에스인터내셔날,동일인측,친족합계,친족합계,,100000,100%,0,0.00%,100000,100%
575,비금융회사,(주)에스앤에스인터내셔날,동일인측,동일인측 합계,동일인측 합계,동일인측 합계,100000,100%,0,0.00%,100000,100%
576,비금융회사,(주)에스앤에스인터내셔날,(주)에스앤에스인터내셔날 합계,(주)에스앤에스인터내셔날 합계,(주)에스앤에스인터내셔날 합계,(주)에스앤에스인터내셔날 합계,100000,100%,0,0.00%,100000,100%
577,비금융회사,(주)에스디제이,동일인측,친족,혈족 2촌~4촌,신동주,10020000,100%,0,0%,10020000,100%
578,비금융회사,(주)에스디제이,동일인측,친족합계,친족합계,,10020000,100%,0,0%,10020000,100%
579,비금융회사,(주)에스디제이,동일인측,동일인측 합계,동일인측 합계,동일인측 합계,10020000,100%,0,0%,10020000,100%
580,비금융회사,(주)에스디제이,(주)에스디제이 합계,(주)에스디제이 합계,(주)에스디제이 합계,(주)에스디제이 합계,10020000,100%,0,0%,10020000,100%
581,금융회사,롯데캐피탈㈜,동일인측,동일인,동일인,신동빈,284704,0.86%,0,0.00%,284704,0.86%
582,금융회사,롯데캐피탈㈜,동일인측,친족,혈족2~4촌,신영자,177936,0.53%,0,0.00%,177936,0.53%
583,금융회사,롯데캐피탈㈜,동일인측,친족,혈족2~4촌,신동주,177936,0.53%,0,0.00%,177936,0.53%
584,금융회사,롯데캐피탈㈜,동일인측,친족,친족합계,친족합계,355872,1.07%,0,0.00%,355872,1.07%
585,금융회사,롯데캐피탈㈜,동일인측,비영리법인,,(재)롯데장학재단,158400,0.48%,0,0.00%,158400,0.48%
586,금융회사,롯데캐피탈㈜,동일인측,계열회사,,㈜호텔롯데,13109103,39.37%,0,0.00%,13109103,39.37%
587,금융회사,롯데캐피탈㈜,동일인측,계열회사,,㈜부산롯데호텔,3817895,11.47%,0,0.00%,3817895,11.47%
588,금융회사,롯데캐피탈㈜,동일인측,해외계열,,(주)광윤사,639200,1.92%,0,0.00%,639200,1.92%
589,금융회사,롯데캐피탈㈜,동일인측,해외계열,,㈜롯데파이낸셜,12468338,37.45%,0,0.00%,12468338,37.45%
590,금융회사,롯데캐피탈㈜,동일인측,동일인측 합계,동일인측 합계,동일인측 합계,30833512,92.60%,0,0.00%,30833512,92.60%
591,금융회사,롯데캐피탈㈜,기타주주,기타,기타,기타,2464000,7.40%,0,0.00%,2464000,7.40%
592,금융회사,롯데캐피탈㈜,롯데캐피탈㈜ 합계,롯데캐피탈㈜ 합계,롯데캐피탈㈜ 합계,롯데캐피탈㈜ 합계,33297512,100.00%,0,0.00%,33297512,100.00%
593,금융회사,롯데오토리스㈜,동일인측,계열회사,,롯데렌탈㈜,8000000,100.00%,0,0.00%,8000000,100.00%
594,금융회사,롯데오토리스㈜,동일인측,동일인측 합계,동일인측 합계,동일인측 합계,8000000,100.00%,0,0.00%,8000000,100.00%
595,금융회사,롯데오토리스㈜,롯데오토리스㈜ 합계,롯데오토리스㈜ 합계,롯데오토리스㈜ 합계,롯데오토리스㈜ 합계,8000000,100.00%,0,0.00%,8000000,100.00%
596,금융회사,롯데액셀러레이터㈜,동일인측,동일인,동일인,신동빈,1000000,19.99%,0,0.00%,1000000,19.99%
597,금융회사,롯데액셀러레이터㈜,동일인측,계열회사,,㈜호텔롯데,1500000,29.98%,0,0.00%,1500000,29.98%
598,금융회사,롯데액셀러레이터㈜,동일인측,계열회사,,롯데케미칼㈜,500000,9.99%,0,0.00%,500000,9.99%
599,금융회사,롯데액셀러레이터㈜,동일인측,동일인측 합계,동일인측 합계,동일인측 합계,3000000,59.96%,0,0.00%,3000000,59.96%
600,금융회사,롯데액셀러레이터㈜,기타주주,동일인측이 아닌 최다주주,,하나금융투자,999800,19.98%,0,0.00%,999800,19.98%
601,금융회사,롯데액셀러레이터㈜,기타주주,동일인측이 아닌 최다주주,,KB증권,999800,19.98%,0,0.00%,999800,19.98%
602,금융회사,롯데액셀러레이터㈜,기타주주,기타,기타,기타,4000,0.08%,0,0.00%,4000,0.08%
603,금융회사,롯데액셀러레이터㈜,롯데액셀러레이터㈜ 합계,롯데액셀러레이터㈜ 합계,롯데액셀러레이터㈜ 합계,롯데액셀러레이터㈜ 합계,5003600,100.00%,0,0.00%,5003600,100.00%
